2025-02-26 14:48:00.052,2025-02-26 14:48:00.582,1.1 - Get Categories,200,530,347,
2025-02-26 14:48:00.053,2025-02-26 14:48:00.582,1.1 - Get Categories,200,529,347,
2025-02-26 14:48:00.810,2025-02-26 14:48:01.303,1.2 - Is Logged In,200,493,0,
2025-02-26 14:48:00.810,2025-02-26 14:48:01.314,1.2 - Is Logged In,200,504,0,
2025-02-26 14:48:01.037,2025-02-26 14:48:01.535,1.1 - Get Categories,200,498,347,
2025-02-26 14:48:01.336,2025-02-26 14:48:01.582,1.3 - Get Store Icon Image,200,246,4797,
2025-02-26 14:48:01.334,2025-02-26 14:48:01.587,1.3 - Get Store Icon Image,200,253,4797,
2025-02-26 14:48:01.539,2025-02-26 14:48:02.025,1.2 - Is Logged In,200,486,0,
2025-02-26 14:48:01.835,2025-02-26 14:48:02.099,2.1 - Login,200,264,391,
2025-02-26 14:48:01.837,2025-02-26 14:48:02.103,2.1 - Login,200,266,390,
2025-02-26 14:48:02.040,2025-02-26 14:48:02.295,1.3 - Get Store Icon Image,200,255,4797,
2025-02-26 14:48:02.028,2025-02-26 14:48:02.550,1.1 - Get Categories,200,522,347,
2025-02-26 14:48:02.336,2025-02-26 14:48:02.581,3.1 - Get Category,200,245,60,
2025-02-26 14:48:02.333,2025-02-26 14:48:02.586,3.1 - Get Category,200,253,69,
2025-02-26 14:48:02.539,2025-02-26 14:48:02.833,2.1 - Login,200,294,390,
2025-02-26 14:48:02.837,2025-02-26 14:48:03.088,3.2 - Get Category Count,200,251,3,
2025-02-26 14:48:02.834,2025-02-26 14:48:03.090,3.2 - Get Category Count,200,256,3,
2025-02-26 14:48:02.554,2025-02-26 14:48:03.090,1.2 - Is Logged In,200,536,0,
2025-02-26 14:48:03.041,2025-02-26 14:48:03.290,3.1 - Get Category,200,249,60,
2025-02-26 14:48:03.097,2025-02-26 14:48:03.352,1.3 - Get Store Icon Image,200,255,4797,
2025-02-26 14:48:03.028,2025-02-26 14:48:03.499,1.1 - Get Categories,200,471,347,
2025-02-26 14:48:03.337,2025-02-26 14:48:03.583,3.3 - Get Product List,200,246,2783,
2025-02-26 14:48:03.334,2025-02-26 14:48:03.596,3.3 - Get Product List,200,262,2651,
2025-02-26 14:48:03.540,2025-02-26 14:48:03.784,3.2 - Get Category Count,200,244,3,
2025-02-26 14:48:03.599,2025-02-26 14:48:03.863,2.1 - Login,200,264,391,
2025-02-26 14:48:03.528,2025-02-26 14:48:04.003,1.2 - Is Logged In,200,475,0,
2025-02-26 14:48:04.027,2025-02-26 14:48:04.264,1.3 - Get Store Icon Image,200,237,4797,
2025-02-26 14:48:04.040,2025-02-26 14:48:04.296,3.3 - Get Product List,200,256,2783,
2025-02-26 14:48:04.098,2025-02-26 14:48:04.354,3.1 - Get Category,200,256,69,
2025-02-26 14:48:03.835,2025-02-26 14:48:04.562,3.4 - Get Product Images,200,727,42918,
2025-02-26 14:48:03.836,2025-02-26 14:48:04.570,3.4 - Get Product Images,200,734,42941,
2025-02-26 14:48:04.528,2025-02-26 14:48:04.787,2.1 - Login,200,259,391,
2025-02-26 14:48:04.588,2025-02-26 14:48:04.833,3.5 - Get Store Icon Image,200,245,4797,
2025-02-26 14:48:04.589,2025-02-26 14:48:04.844,3.5 - Get Store Icon Image,200,255,4797,
2025-02-26 14:48:04.598,2025-02-26 14:48:04.845,3.2 - Get Category Count,200,247,3,
2025-02-26 14:48:05.027,2025-02-26 14:48:05.267,3.1 - Get Category,200,240,69,
2025-02-26 14:48:04.539,2025-02-26 14:48:05.277,3.4 - Get Product Images,200,738,42941,
2025-02-26 14:48:05.089,2025-02-26 14:48:05.334,4.1 - Get Categories,200,245,347,
2025-02-26 14:48:05.089,2025-02-26 14:48:05.339,4.1 - Get Categories,200,250,347,
2025-02-26 14:48:05.097,2025-02-26 14:48:05.358,3.3 - Get Product List,200,261,2719,
2025-02-26 14:48:05.280,2025-02-26 14:48:05.534,3.5 - Get Store Icon Image,200,254,4797,
2025-02-26 14:48:05.527,2025-02-26 14:48:05.766,3.2 - Get Category Count,200,239,3,
2025-02-26 14:48:05.589,2025-02-26 14:48:05.848,4.2 - Is Logged In,200,259,264,
2025-02-26 14:48:05.589,2025-02-26 14:48:05.849,4.2 - Is Logged In,200,260,265,
2025-02-26 14:48:05.783,2025-02-26 14:48:06.048,4.1 - Get Categories,200,265,347,
2025-02-26 14:48:06.028,2025-02-26 14:48:06.267,3.3 - Get Product List,200,239,2719,
2025-02-26 14:48:05.598,2025-02-26 14:48:06.359,3.4 - Get Product Images,200,761,42941,
2025-02-26 14:48:06.089,2025-02-26 14:48:06.360,4.3 - Get Product Details,200,271,137,
2025-02-26 14:48:06.089,2025-02-26 14:48:06.360,4.3 - Get Product Details,200,271,117,
2025-02-26 14:48:06.281,2025-02-26 14:48:06.529,4.2 - Is Logged In,200,248,264,
2025-02-26 14:48:06.365,2025-02-26 14:48:06.622,3.5 - Get Store Icon Image,200,257,4797,
2025-02-26 14:48:06.781,2025-02-26 14:48:07.026,4.3 - Get Product Details,200,245,135,
2025-02-26 14:48:06.591,2025-02-26 14:48:07.079,4.4 - Get Product Image,200,488,25643,
2025-02-26 14:48:06.590,2025-02-26 14:48:07.096,4.4 - Get Product Image,200,506,25643,
2025-02-26 14:48:06.866,2025-02-26 14:48:07.139,4.1 - Get Categories,200,273,347,
2025-02-26 14:48:06.528,2025-02-26 14:48:07.243,3.4 - Get Product Images,200,715,42941,
2025-02-26 14:48:07.133,2025-02-26 14:48:07.399,4.5 - Get Product Recommendations,200,266,41,
2025-02-26 14:48:07.133,2025-02-26 14:48:07.399,4.5 - Get Product Recommendations,200,266,35,
2025-02-26 14:48:07.247,2025-02-26 14:48:07.528,3.5 - Get Store Icon Image,200,281,4797,
2025-02-26 14:48:07.368,2025-02-26 14:48:07.629,4.2 - Is Logged In,200,261,265,
2025-02-26 14:48:07.282,2025-02-26 14:48:07.791,4.4 - Get Product Image,200,509,25643,
2025-02-26 14:48:07.633,2025-02-26 14:48:07.884,4.6 - Get Product Details,200,251,139,
2025-02-26 14:48:07.643,2025-02-26 14:48:07.924,4.6 - Get Product Details,200,281,125,
2025-02-26 14:48:07.749,2025-02-26 14:48:07.987,4.1 - Get Categories,200,238,347,
2025-02-26 14:48:07.794,2025-02-26 14:48:08.050,4.5 - Get Product Recommendations,200,256,41,
2025-02-26 14:48:07.866,2025-02-26 14:48:08.118,4.3 - Get Product Details,200,252,131,
2025-02-26 14:48:08.249,2025-02-26 14:48:08.506,4.2 - Is Logged In,200,257,265,
2025-02-26 14:48:08.295,2025-02-26 14:48:08.572,4.6 - Get Product Details,200,277,139,
2025-02-26 14:48:08.134,2025-02-26 14:48:08.897,4.7 - Get Recommended Product Images,200,763,62185,
2025-02-26 14:48:08.133,2025-02-26 14:48:08.902,4.7 - Get Recommended Product Images,200,769,62191,
2025-02-26 14:48:08.365,2025-02-26 14:48:08.907,4.4 - Get Product Image,200,542,25643,
2025-02-26 14:48:08.747,2025-02-26 14:48:08.997,4.3 - Get Product Details,200,250,134,
2025-02-26 14:48:08.911,2025-02-26 14:48:09.159,4.8 - Get Store Icon Image,200,248,4797,
2025-02-26 14:48:08.911,2025-02-26 14:48:09.168,4.5 - Get Product Recommendations,200,257,34,
2025-02-26 14:48:08.911,2025-02-26 14:48:09.168,4.8 - Get Store Icon Image,200,257,4797,
2025-02-26 14:48:08.795,2025-02-26 14:48:09.547,4.7 - Get Recommended Product Images,200,752,62191,
