2025-02-26 14:48:41.552,2025-02-26 14:48:42.084,1.1 - Get Categories,200,532,347,
2025-02-26 14:48:41.552,2025-02-26 14:48:42.077,1.1 - Get Categories,200,525,347,
2025-02-26 14:48:42.272,2025-02-26 14:48:42.765,1.2 - Is Logged In,200,493,0,
2025-02-26 14:48:42.272,2025-02-26 14:48:42.772,1.2 - Is Logged In,200,500,0,
2025-02-26 14:48:42.531,2025-02-26 14:48:43.028,1.1 - Get Categories,200,497,347,
2025-02-26 14:48:42.793,2025-02-26 14:48:43.040,1.3 - Get Store Icon Image,200,247,4797,
2025-02-26 14:48:42.793,2025-02-26 14:48:43.078,1.3 - Get Store Icon Image,200,285,4797,
2025-02-26 14:48:43.033,2025-02-26 14:48:43.520,1.2 - Is Logged In,200,487,0,
2025-02-26 14:48:43.296,2025-02-26 14:48:43.558,2.1 - Login,200,262,389,
2025-02-26 14:48:43.293,2025-02-26 14:48:43.558,2.1 - Login,200,265,390,
2025-02-26 14:48:43.534,2025-02-26 14:48:43.801,1.3 - Get Store Icon Image,200,267,4797,
2025-02-26 14:48:43.796,2025-02-26 14:48:44.040,3.1 - Get Category,200,244,64,
2025-02-26 14:48:43.795,2025-02-26 14:48:44.048,3.1 - Get Category,200,253,79,
2025-02-26 14:48:43.529,2025-02-26 14:48:44.052,1.1 - Get Categories,200,523,347,
2025-02-26 14:48:44.036,2025-02-26 14:48:44.296,2.1 - Login,200,260,391,
2025-02-26 14:48:44.294,2025-02-26 14:48:44.541,3.2 - Get Category Count,200,247,3,
2025-02-26 14:48:44.294,2025-02-26 14:48:44.544,3.2 - Get Category Count,200,250,3,
2025-02-26 14:48:44.059,2025-02-26 14:48:44.563,1.2 - Is Logged In,200,504,0,
2025-02-26 14:48:44.533,2025-02-26 14:48:44.788,3.1 - Get Category,200,255,79,
2025-02-26 14:48:44.565,2025-02-26 14:48:44.817,1.3 - Get Store Icon Image,200,252,4797,
2025-02-26 14:48:44.531,2025-02-26 14:48:45.004,1.1 - Get Categories,200,473,347,
2025-02-26 14:48:44.795,2025-02-26 14:48:45.039,3.3 - Get Product List,200,244,2635,
2025-02-26 14:48:44.795,2025-02-26 14:48:45.080,3.3 - Get Product List,200,285,2753,
2025-02-26 14:48:45.035,2025-02-26 14:48:45.279,3.2 - Get Category Count,200,244,3,
2025-02-26 14:48:45.073,2025-02-26 14:48:45.350,2.1 - Login,200,277,389,
2025-02-26 14:48:45.034,2025-02-26 14:48:45.509,1.2 - Is Logged In,200,475,0,
2025-02-26 14:48:45.533,2025-02-26 14:48:45.773,1.3 - Get Store Icon Image,200,240,4797,
2025-02-26 14:48:45.535,2025-02-26 14:48:45.789,3.3 - Get Product List,200,254,2753,
2025-02-26 14:48:45.571,2025-02-26 14:48:45.821,3.1 - Get Category,200,250,69,
2025-02-26 14:48:45.294,2025-02-26 14:48:46.021,3.4 - Get Product Images,200,727,42941,
2025-02-26 14:48:45.294,2025-02-26 14:48:46.034,3.4 - Get Product Images,200,740,42941,
2025-02-26 14:48:46.040,2025-02-26 14:48:46.287,3.5 - Get Store Icon Image,200,247,4797,
2025-02-26 14:48:46.033,2025-02-26 14:48:46.291,2.1 - Login,200,258,390,
2025-02-26 14:48:46.042,2025-02-26 14:48:46.291,3.5 - Get Store Icon Image,200,249,4797,
2025-02-26 14:48:46.069,2025-02-26 14:48:46.324,3.2 - Get Category Count,200,255,3,
2025-02-26 14:48:46.036,2025-02-26 14:48:46.768,3.4 - Get Product Images,200,732,42941,
2025-02-26 14:48:46.534,2025-02-26 14:48:46.771,3.1 - Get Category,200,237,64,
2025-02-26 14:48:46.541,2025-02-26 14:48:46.790,4.1 - Get Categories,200,249,347,
2025-02-26 14:48:46.543,2025-02-26 14:48:46.795,4.1 - Get Categories,200,252,347,
2025-02-26 14:48:46.567,2025-02-26 14:48:46.819,3.3 - Get Product List,200,252,2719,
2025-02-26 14:48:46.773,2025-02-26 14:48:47.022,3.5 - Get Store Icon Image,200,249,4797,
2025-02-26 14:48:47.033,2025-02-26 14:48:47.276,3.2 - Get Category Count,200,243,3,
2025-02-26 14:48:47.041,2025-02-26 14:48:47.289,4.2 - Is Logged In,200,248,263,
2025-02-26 14:48:47.043,2025-02-26 14:48:47.296,4.2 - Is Logged In,200,253,264,
2025-02-26 14:48:47.274,2025-02-26 14:48:47.523,4.1 - Get Categories,200,249,347,
2025-02-26 14:48:47.537,2025-02-26 14:48:47.774,3.3 - Get Product List,200,237,2635,
2025-02-26 14:48:47.540,2025-02-26 14:48:47.784,4.3 - Get Product Details,200,244,126,
2025-02-26 14:48:47.542,2025-02-26 14:48:47.789,4.3 - Get Product Details,200,247,146,
2025-02-26 14:48:47.067,2025-02-26 14:48:47.825,3.4 - Get Product Images,200,758,42941,
2025-02-26 14:48:47.772,2025-02-26 14:48:48.025,4.2 - Is Logged In,200,253,265,
2025-02-26 14:48:47.828,2025-02-26 14:48:48.075,3.5 - Get Store Icon Image,200,247,4797,
2025-02-26 14:48:48.274,2025-02-26 14:48:48.518,4.3 - Get Product Details,200,244,149,
2025-02-26 14:48:48.040,2025-02-26 14:48:48.522,4.4 - Get Product Image,200,482,25643,
2025-02-26 14:48:48.043,2025-02-26 14:48:48.538,4.4 - Get Product Image,200,495,25643,
2025-02-26 14:48:48.329,2025-02-26 14:48:48.585,4.1 - Get Categories,200,256,347,
2025-02-26 14:48:48.032,2025-02-26 14:48:48.743,3.4 - Get Product Images,200,711,42941,
2025-02-26 14:48:48.573,2025-02-26 14:48:48.821,4.5 - Get Product Recommendations,200,248,41,
2025-02-26 14:48:48.573,2025-02-26 14:48:48.825,4.5 - Get Product Recommendations,200,252,34,
2025-02-26 14:48:48.746,2025-02-26 14:48:48.984,3.5 - Get Store Icon Image,200,238,4797,
2025-02-26 14:48:48.827,2025-02-26 14:48:49.079,4.2 - Is Logged In,200,252,263,
2025-02-26 14:48:48.783,2025-02-26 14:48:49.280,4.4 - Get Product Image,200,497,25643,
2025-02-26 14:48:49.076,2025-02-26 14:48:49.320,4.6 - Get Product Details,200,244,139,
2025-02-26 14:48:49.075,2025-02-26 14:48:49.325,4.6 - Get Product Details,200,250,125,
2025-02-26 14:48:49.248,2025-02-26 14:48:49.491,4.1 - Get Categories,200,243,347,
2025-02-26 14:48:49.286,2025-02-26 14:48:49.531,4.5 - Get Product Recommendations,200,245,41,
2025-02-26 14:48:49.329,2025-02-26 14:48:49.585,4.3 - Get Product Details,200,256,156,
2025-02-26 14:48:49.752,2025-02-26 14:48:49.995,4.2 - Is Logged In,200,243,264,
2025-02-26 14:48:49.787,2025-02-26 14:48:50.039,4.6 - Get Product Details,200,252,139,
2025-02-26 14:48:49.575,2025-02-26 14:48:50.310,4.7 - Get Recommended Product Images,200,735,62191,
2025-02-26 14:48:49.574,2025-02-26 14:48:50.324,4.7 - Get Recommended Product Images,200,750,62184,
2025-02-26 14:48:49.829,2025-02-26 14:48:50.325,4.4 - Get Product Image,200,496,25643,
2025-02-26 14:48:50.246,2025-02-26 14:48:50.521,4.3 - Get Product Details,200,275,114,
2025-02-26 14:48:50.325,2025-02-26 14:48:50.568,4.8 - Get Store Icon Image,200,243,4797,
2025-02-26 14:48:50.325,2025-02-26 14:48:50.576,4.8 - Get Store Icon Image,200,251,4797,
2025-02-26 14:48:50.331,2025-02-26 14:48:50.588,4.5 - Get Product Recommendations,200,257,34,
2025-02-26 14:48:50.286,2025-02-26 14:48:51.018,4.7 - Get Recommended Product Images,200,732,62191,
