2025-02-26 14:52:08.460,2025-02-26 14:52:08.992,1.1 - Get Categories,429,532,175,Too Many Requests
2025-02-26 14:52:08.465,2025-02-26 14:52:08.992,1.1 - Get Categories,429,527,175,Too Many Requests
2025-02-26 14:52:09.205,2025-02-26 14:52:09.700,1.1 - Get Categories,429,495,175,Too Many Requests
2025-02-26 14:52:09.205,2025-02-26 14:52:09.709,1.1 - Get Categories,429,504,175,Too Many Requests
2025-02-26 14:52:09.356,2025-02-26 14:52:09.832,1.1 - Get Categories,429,476,175,Too Many Requests
2025-02-26 14:52:09.708,2025-02-26 14:52:09.947,1.1 - Get Categories,429,239,175,Too Many Requests
2025-02-26 14:52:09.713,2025-02-26 14:52:09.955,1.1 - Get Categories,429,242,175,Too Many Requests
2025-02-26 14:52:09.858,2025-02-26 14:52:10.347,1.1 - Get Categories,429,489,175,Too Many Requests
2025-02-26 14:52:10.209,2025-02-26 14:52:10.455,1.1 - Get Categories,429,246,175,Too Many Requests
2025-02-26 14:52:10.213,2025-02-26 14:52:10.462,1.1 - Get Categories,429,249,175,Too Many Requests
2025-02-26 14:52:10.356,2025-02-26 14:52:10.598,1.1 - Get Categories,429,242,175,Too Many Requests
2025-02-26 14:52:10.354,2025-02-26 14:52:10.849,1.1 - Get Categories,429,495,175,Too Many Requests
2025-02-26 14:52:10.708,2025-02-26 14:52:10.948,1.1 - Get Categories,429,240,175,Too Many Requests
2025-02-26 14:52:10.714,2025-02-26 14:52:10.959,1.1 - Get Categories,429,245,175,Too Many Requests
2025-02-26 14:52:10.857,2025-02-26 14:52:11.102,1.1 - Get Categories,429,245,175,Too Many Requests
2025-02-26 14:52:10.854,2025-02-26 14:52:11.329,1.1 - Get Categories,429,475,175,Too Many Requests
2025-02-26 14:52:11.208,2025-02-26 14:52:11.455,1.1 - Get Categories,429,247,175,Too Many Requests
2025-02-26 14:52:11.214,2025-02-26 14:52:11.464,1.1 - Get Categories,429,250,175,Too Many Requests
2025-02-26 14:52:11.356,2025-02-26 14:52:11.596,1.1 - Get Categories,429,240,175,Too Many Requests
2025-02-26 14:52:11.355,2025-02-26 14:52:11.598,1.1 - Get Categories,429,243,175,Too Many Requests
2025-02-26 14:52:11.353,2025-02-26 14:52:11.851,1.1 - Get Categories,429,498,175,Too Many Requests
2025-02-26 14:52:11.709,2025-02-26 14:52:11.950,1.1 - Get Categories,429,241,175,Too Many Requests
2025-02-26 14:52:11.714,2025-02-26 14:52:11.956,1.1 - Get Categories,429,242,175,Too Many Requests
2025-02-26 14:52:11.855,2025-02-26 14:52:12.095,1.1 - Get Categories,429,240,175,Too Many Requests
2025-02-26 14:52:11.857,2025-02-26 14:52:12.101,1.1 - Get Categories,429,244,175,Too Many Requests
2025-02-26 14:52:11.855,2025-02-26 14:52:12.351,1.1 - Get Categories,429,496,175,Too Many Requests
2025-02-26 14:52:12.208,2025-02-26 14:52:12.454,1.1 - Get Categories,429,246,175,Too Many Requests
2025-02-26 14:52:12.213,2025-02-26 14:52:12.463,1.1 - Get Categories,429,250,175,Too Many Requests
2025-02-26 14:52:12.356,2025-02-26 14:52:12.600,1.1 - Get Categories,429,244,175,Too Many Requests
2025-02-26 14:52:12.358,2025-02-26 14:52:12.599,1.1 - Get Categories,429,241,175,Too Many Requests
2025-02-26 14:52:12.355,2025-02-26 14:52:12.611,1.1 - Get Categories,429,256,175,Too Many Requests
2025-02-26 14:52:12.708,2025-02-26 14:52:12.948,1.1 - Get Categories,429,240,175,Too Many Requests
2025-02-26 14:52:12.713,2025-02-26 14:52:12.955,1.1 - Get Categories,429,242,175,Too Many Requests
2025-02-26 14:52:12.855,2025-02-26 14:52:13.095,1.1 - Get Categories,429,240,175,Too Many Requests
2025-02-26 14:52:12.857,2025-02-26 14:52:13.105,1.1 - Get Categories,429,248,175,Too Many Requests
2025-02-26 14:52:12.858,2025-02-26 14:52:13.110,1.1 - Get Categories,429,252,175,Too Many Requests
2025-02-26 14:52:13.214,2025-02-26 14:52:13.484,1.1 - Get Categories,429,270,175,Too Many Requests
2025-02-26 14:52:13.209,2025-02-26 14:52:13.484,1.1 - Get Categories,429,275,175,Too Many Requests
2025-02-26 14:52:13.359,2025-02-26 14:52:13.599,1.1 - Get Categories,429,240,175,Too Many Requests
2025-02-26 14:52:13.357,2025-02-26 14:52:13.601,1.1 - Get Categories,429,244,175,Too Many Requests
2025-02-26 14:52:13.358,2025-02-26 14:52:13.607,1.1 - Get Categories,429,249,175,Too Many Requests
2025-02-26 14:52:13.708,2025-02-26 14:52:13.948,1.1 - Get Categories,429,240,175,Too Many Requests
2025-02-26 14:52:13.714,2025-02-26 14:52:13.960,1.1 - Get Categories,429,246,175,Too Many Requests
2025-02-26 14:52:13.855,2025-02-26 14:52:14.094,1.1 - Get Categories,429,239,175,Too Many Requests
2025-02-26 14:52:13.856,2025-02-26 14:52:14.101,1.1 - Get Categories,429,245,175,Too Many Requests
2025-02-26 14:52:13.856,2025-02-26 14:52:14.104,1.1 - Get Categories,429,248,175,Too Many Requests
2025-02-26 14:52:14.210,2025-02-26 14:52:14.456,1.1 - Get Categories,429,246,175,Too Many Requests
2025-02-26 14:52:14.213,2025-02-26 14:52:14.463,1.1 - Get Categories,429,250,175,Too Many Requests
2025-02-26 14:52:14.354,2025-02-26 14:52:14.609,1.1 - Get Categories,429,255,175,Too Many Requests
2025-02-26 14:52:14.358,2025-02-26 14:52:14.609,1.1 - Get Categories,429,251,175,Too Many Requests
2025-02-26 14:52:14.359,2025-02-26 14:52:14.610,1.1 - Get Categories,429,251,175,Too Many Requests
2025-02-26 14:52:14.709,2025-02-26 14:52:14.951,1.1 - Get Categories,429,242,175,Too Many Requests
2025-02-26 14:52:14.714,2025-02-26 14:52:14.957,1.1 - Get Categories,429,243,175,Too Many Requests
2025-02-26 14:52:14.854,2025-02-26 14:52:15.095,1.1 - Get Categories,429,241,175,Too Many Requests
2025-02-26 14:52:14.856,2025-02-26 14:52:15.102,1.1 - Get Categories,429,246,175,Too Many Requests
2025-02-26 14:52:14.856,2025-02-26 14:52:15.105,1.1 - Get Categories,429,249,175,Too Many Requests
2025-02-26 14:52:15.209,2025-02-26 14:52:15.459,1.1 - Get Categories,429,250,175,Too Many Requests
2025-02-26 14:52:15.215,2025-02-26 14:52:15.466,1.1 - Get Categories,429,251,175,Too Many Requests
2025-02-26 14:52:15.356,2025-02-26 14:52:15.595,1.1 - Get Categories,429,239,175,Too Many Requests
2025-02-26 14:52:15.354,2025-02-26 14:52:15.597,1.1 - Get Categories,429,243,175,Too Many Requests
2025-02-26 14:52:15.356,2025-02-26 14:52:15.607,1.1 - Get Categories,429,251,175,Too Many Requests
2025-02-26 14:52:15.711,2025-02-26 14:52:15.952,1.1 - Get Categories,429,241,175,Too Many Requests
2025-02-26 14:52:15.715,2025-02-26 14:52:15.960,1.1 - Get Categories,429,245,175,Too Many Requests
2025-02-26 14:52:15.854,2025-02-26 14:52:16.098,1.1 - Get Categories,429,244,175,Too Many Requests
2025-02-26 14:52:15.856,2025-02-26 14:52:16.107,1.1 - Get Categories,429,251,175,Too Many Requests
2025-02-26 14:52:15.857,2025-02-26 14:52:16.108,1.1 - Get Categories,429,251,175,Too Many Requests
2025-02-26 14:52:16.208,2025-02-26 14:52:16.456,1.1 - Get Categories,429,248,175,Too Many Requests
2025-02-26 14:52:16.214,2025-02-26 14:52:16.464,1.1 - Get Categories,429,250,175,Too Many Requests
2025-02-26 14:52:16.357,2025-02-26 14:52:16.603,1.1 - Get Categories,429,246,175,Too Many Requests
2025-02-26 14:52:16.356,2025-02-26 14:52:16.603,1.1 - Get Categories,429,247,175,Too Many Requests
2025-02-26 14:52:16.357,2025-02-26 14:52:16.614,1.1 - Get Categories,429,257,175,Too Many Requests
2025-02-26 14:52:16.707,2025-02-26 14:52:16.955,1.1 - Get Categories,429,248,175,Too Many Requests
2025-02-26 14:52:16.713,2025-02-26 14:52:16.961,1.1 - Get Categories,429,248,175,Too Many Requests
2025-02-26 14:52:16.854,2025-02-26 14:52:17.094,1.1 - Get Categories,429,240,175,Too Many Requests
2025-02-26 14:52:16.856,2025-02-26 14:52:17.101,1.1 - Get Categories,429,245,175,Too Many Requests
2025-02-26 14:52:16.855,2025-02-26 14:52:17.104,1.1 - Get Categories,429,249,175,Too Many Requests
2025-02-26 14:52:17.209,2025-02-26 14:52:17.478,1.1 - Get Categories,429,269,175,Too Many Requests
2025-02-26 14:52:17.212,2025-02-26 14:52:17.478,1.1 - Get Categories,429,266,175,Too Many Requests
