2025-02-26 14:46:36.552,2025-02-26 14:46:37.064,1.1 - Get Categories,200,512,347,
2025-02-26 14:46:36.534,2025-02-26 14:46:37.107,1.1 - Get Categories,200,573,347,
2025-02-26 14:46:37.258,2025-02-26 14:46:37.751,1.2 - Is Logged In,200,493,0,
2025-02-26 14:46:37.258,2025-02-26 14:46:37.791,1.2 - Is Logged In,200,533,0,
2025-02-26 14:46:37.796,2025-02-26 14:46:38.035,1.3 - Get Store Icon Image,200,239,4797,
2025-02-26 14:46:37.771,2025-02-26 14:46:38.051,1.3 - Get Store Icon Image,200,280,4797,
2025-02-26 14:46:37.550,2025-02-26 14:46:38.096,1.1 - Get Categories,200,546,347,
2025-02-26 14:46:38.273,2025-02-26 14:46:38.531,2.1 - Login,200,258,390,
2025-02-26 14:46:38.297,2025-02-26 14:46:38.572,2.1 - Login,200,275,391,
2025-02-26 14:46:38.099,2025-02-26 14:46:38.596,1.2 - Is Logged In,200,497,0,
2025-02-26 14:46:38.599,2025-02-26 14:46:38.864,1.3 - Get Store Icon Image,200,265,4797,
2025-02-26 14:46:38.795,2025-02-26 14:46:39.038,3.1 - Get Category,200,243,79,
2025-02-26 14:46:38.772,2025-02-26 14:46:39.038,3.1 - Get Category,200,266,64,
2025-02-26 14:46:38.553,2025-02-26 14:46:39.041,1.1 - Get Categories,200,488,347,
2025-02-26 14:46:39.100,2025-02-26 14:46:39.364,2.1 - Login,200,264,390,
2025-02-26 14:46:39.272,2025-02-26 14:46:39.514,3.2 - Get Category Count,200,242,3,
2025-02-26 14:46:39.296,2025-02-26 14:46:39.560,3.2 - Get Category Count,200,264,3,
2025-02-26 14:46:39.055,2025-02-26 14:46:39.568,1.2 - Is Logged In,200,513,0,
2025-02-26 14:46:39.572,2025-02-26 14:46:39.812,1.3 - Get Store Icon Image,200,240,4797,
2025-02-26 14:46:39.600,2025-02-26 14:46:39.862,3.1 - Get Category,200,262,79,
2025-02-26 14:46:39.796,2025-02-26 14:46:40.048,3.3 - Get Product List,200,252,2753,
2025-02-26 14:46:39.547,2025-02-26 14:46:40.048,1.1 - Get Categories,200,501,347,
2025-02-26 14:46:39.771,2025-02-26 14:46:40.048,3.3 - Get Product List,200,277,2635,
2025-02-26 14:46:40.101,2025-02-26 14:46:40.342,3.2 - Get Category Count,200,241,3,
2025-02-26 14:46:40.072,2025-02-26 14:46:40.346,2.1 - Login,200,274,390,
2025-02-26 14:46:40.053,2025-02-26 14:46:40.584,1.2 - Is Logged In,200,531,0,
2025-02-26 14:46:40.572,2025-02-26 14:46:40.813,3.1 - Get Category,200,241,60,
2025-02-26 14:46:40.586,2025-02-26 14:46:40.843,1.3 - Get Store Icon Image,200,257,4797,
2025-02-26 14:46:40.599,2025-02-26 14:46:40.866,3.3 - Get Product List,200,267,2753,
2025-02-26 14:46:40.272,2025-02-26 14:46:40.990,3.4 - Get Product Images,200,718,42941,
2025-02-26 14:46:40.296,2025-02-26 14:46:41.088,3.4 - Get Product Images,200,792,42941,
2025-02-26 14:46:41.005,2025-02-26 14:46:41.272,3.5 - Get Store Icon Image,200,267,4797,
2025-02-26 14:46:41.072,2025-02-26 14:46:41.329,3.2 - Get Category Count,200,257,3,
2025-02-26 14:46:41.092,2025-02-26 14:46:41.333,3.5 - Get Store Icon Image,200,241,4797,
2025-02-26 14:46:41.089,2025-02-26 14:46:41.362,2.1 - Login,200,273,390,
2025-02-26 14:46:41.505,2025-02-26 14:46:41.749,4.1 - Get Categories,200,244,347,
2025-02-26 14:46:41.099,2025-02-26 14:46:41.806,3.4 - Get Product Images,200,707,42941,
2025-02-26 14:46:41.573,2025-02-26 14:46:41.814,3.3 - Get Product List,200,241,2783,
2025-02-26 14:46:41.587,2025-02-26 14:46:41.845,3.1 - Get Category,200,258,64,
2025-02-26 14:46:41.591,2025-02-26 14:46:41.849,4.1 - Get Categories,200,258,347,
2025-02-26 14:46:41.809,2025-02-26 14:46:42.096,3.5 - Get Store Icon Image,200,287,4797,
2025-02-26 14:46:42.008,2025-02-26 14:46:42.276,4.2 - Is Logged In,200,268,264,
2025-02-26 14:46:42.093,2025-02-26 14:46:42.342,4.2 - Is Logged In,200,249,265,
2025-02-26 14:46:42.088,2025-02-26 14:46:42.346,3.2 - Get Category Count,200,258,3,
2025-02-26 14:46:42.309,2025-02-26 14:46:42.548,4.1 - Get Categories,200,239,347,
2025-02-26 14:46:42.505,2025-02-26 14:46:42.754,4.3 - Get Product Details,200,249,147,
2025-02-26 14:46:42.588,2025-02-26 14:46:42.837,3.3 - Get Product List,200,249,2635,
2025-02-26 14:46:42.072,2025-02-26 14:46:42.844,3.4 - Get Product Images,200,772,42941,
2025-02-26 14:46:42.592,2025-02-26 14:46:42.854,4.3 - Get Product Details,200,262,133,
2025-02-26 14:46:42.811,2025-02-26 14:46:43.080,4.2 - Is Logged In,200,269,264,
2025-02-26 14:46:42.846,2025-02-26 14:46:43.086,3.5 - Get Store Icon Image,200,240,4797,
2025-02-26 14:46:43.006,2025-02-26 14:46:43.530,4.4 - Get Product Image,200,524,25643,
2025-02-26 14:46:43.310,2025-02-26 14:46:43.555,4.3 - Get Product Details,200,245,141,
2025-02-26 14:46:43.092,2025-02-26 14:46:43.579,4.4 - Get Product Image,200,487,25643,
2025-02-26 14:46:43.347,2025-02-26 14:46:43.608,4.1 - Get Categories,200,261,347,
2025-02-26 14:46:43.087,2025-02-26 14:46:43.827,3.4 - Get Product Images,200,740,42941,
2025-02-26 14:46:43.590,2025-02-26 14:46:43.836,4.5 - Get Product Recommendations,200,246,34,
2025-02-26 14:46:43.592,2025-02-26 14:46:43.854,4.5 - Get Product Recommendations,200,262,41,
2025-02-26 14:46:43.830,2025-02-26 14:46:44.078,3.5 - Get Store Icon Image,200,248,4797,
2025-02-26 14:46:43.846,2025-02-26 14:46:44.088,4.2 - Is Logged In,200,242,264,
2025-02-26 14:46:43.824,2025-02-26 14:46:44.346,4.4 - Get Product Image,200,522,25643,
2025-02-26 14:46:44.093,2025-02-26 14:46:44.378,4.6 - Get Product Details,200,285,139,
2025-02-26 14:46:44.092,2025-02-26 14:46:44.378,4.6 - Get Product Details,200,286,125,
2025-02-26 14:46:44.329,2025-02-26 14:46:44.582,4.1 - Get Categories,200,253,347,
2025-02-26 14:46:44.349,2025-02-26 14:46:44.594,4.5 - Get Product Recommendations,200,245,41,
2025-02-26 14:46:44.348,2025-02-26 14:46:44.604,4.3 - Get Product Details,200,256,139,
2025-02-26 14:46:44.832,2025-02-26 14:46:45.097,4.2 - Is Logged In,200,265,264,
2025-02-26 14:46:44.852,2025-02-26 14:46:45.116,4.6 - Get Product Details,200,264,139,
2025-02-26 14:46:44.590,2025-02-26 14:46:45.354,4.7 - Get Recommended Product Images,200,764,62184,
2025-02-26 14:46:44.846,2025-02-26 14:46:45.357,4.4 - Get Product Image,200,511,25643,
2025-02-26 14:46:44.593,2025-02-26 14:46:45.362,4.7 - Get Recommended Product Images,200,769,62191,
2025-02-26 14:46:45.331,2025-02-26 14:46:45.615,4.3 - Get Product Details,200,284,114,
2025-02-26 14:46:45.375,2025-02-26 14:46:45.619,4.8 - Get Store Icon Image,200,244,4797,
2025-02-26 14:46:45.364,2025-02-26 14:46:45.625,4.5 - Get Product Recommendations,200,261,34,
2025-02-26 14:46:45.375,2025-02-26 14:46:45.638,4.8 - Get Store Icon Image,200,263,4797,
2025-02-26 14:46:45.351,2025-02-26 14:46:46.134,4.7 - Get Recommended Product Images,200,783,62191,
