2025-02-27 10:08:30.119,2025-02-27 10:08:30.748,1.1 - Get Categories,200,629,347,
2025-02-27 10:08:30.119,2025-02-27 10:08:30.748,1.1 - Get Categories,500,629,183,Internal Server Error
2025-02-27 10:08:30.119,2025-02-27 10:08:30.748,1.1 - Get Categories,500,629,183,Internal Server Error
2025-02-27 10:08:30.461,2025-02-27 10:08:30.980,1.1 - Get Categories,200,519,347,
2025-02-27 10:08:30.945,2025-02-27 10:08:31.453,1.1 - Get Categories,500,508,183,Internal Server Error
2025-02-27 10:08:30.947,2025-02-27 10:08:31.458,1.1 - Get Categories,200,511,347,
2025-02-27 10:08:30.946,2025-02-27 10:08:31.463,1.1 - Get Categories,200,517,347,
2025-02-27 10:08:30.956,2025-02-27 10:08:31.739,1.2 - Is Logged In,200,783,0,
2025-02-27 10:08:31.447,2025-02-27 10:08:31.961,1.1 - Get Categories,200,514,347,
2025-02-27 10:08:31.457,2025-02-27 10:08:31.968,1.1 - Get Categories,200,511,347,
2025-02-27 10:08:30.985,2025-02-27 10:08:31.978,1.2 - Is Logged In,200,993,0,
2025-02-27 10:08:31.467,2025-02-27 10:08:32.459,1.2 - Is Logged In,200,992,0,
2025-02-27 10:08:31.463,2025-02-27 10:08:32.459,1.2 - Is Logged In,200,996,0,
2025-02-27 10:08:31.950,2025-02-27 10:08:32.462,1.1 - Get Categories,200,512,347,
2025-02-27 10:08:31.770,2025-02-27 10:08:32.737,1.3 - Get Store Icon Image,200,967,4797,
2025-02-27 10:08:31.973,2025-02-27 10:08:32.964,1.2 - Is Logged In,200,991,0,
2025-02-27 10:08:32.448,2025-02-27 10:08:32.964,1.1 - Get Categories,200,516,347,
2025-02-27 10:08:31.977,2025-02-27 10:08:32.967,1.2 - Is Logged In,200,990,0,
2025-02-27 10:08:31.984,2025-02-27 10:08:32.982,1.3 - Get Store Icon Image,200,998,4797,
2025-02-27 10:08:32.943,2025-02-27 10:08:33.454,1.1 - Get Categories,200,511,347,
2025-02-27 10:08:32.462,2025-02-27 10:08:33.463,1.3 - Get Store Icon Image,200,1001,4797,
2025-02-27 10:08:32.466,2025-02-27 10:08:33.463,1.2 - Is Logged In,200,997,0,
2025-02-27 10:08:32.462,2025-02-27 10:08:33.463,1.3 - Get Store Icon Image,200,1001,4797,
2025-02-27 10:08:32.763,2025-02-27 10:08:33.741,2.1 - Login,200,978,388,
2025-02-27 10:08:33.443,2025-02-27 10:08:33.955,1.1 - Get Categories,200,512,347,
2025-02-27 10:08:32.967,2025-02-27 10:08:33.958,1.2 - Is Logged In,200,991,0,
2025-02-27 10:08:32.966,2025-02-27 10:08:33.959,1.3 - Get Store Icon Image,200,993,4797,
2025-02-27 10:08:32.968,2025-02-27 10:08:33.970,1.3 - Get Store Icon Image,200,1002,4797,
2025-02-27 10:08:32.984,2025-02-27 10:08:34.007,2.1 - Login,200,1023,389,
2025-02-27 10:08:33.457,2025-02-27 10:08:34.454,1.2 - Is Logged In,200,997,0,
2025-02-27 10:08:33.945,2025-02-27 10:08:34.457,1.1 - Get Categories,200,512,347,
2025-02-27 10:08:33.465,2025-02-27 10:08:34.465,1.3 - Get Store Icon Image,200,1000,4797,
2025-02-27 10:08:33.465,2025-02-27 10:08:34.467,2.1 - Login,200,1002,389,
2025-02-27 10:08:33.465,2025-02-27 10:08:34.469,2.1 - Login,200,1004,391,
2025-02-27 10:08:33.764,2025-02-27 10:08:34.740,3.1 - Get Category,200,976,69,
2025-02-27 10:08:33.959,2025-02-27 10:08:34.955,1.2 - Is Logged In,200,996,0,
2025-02-27 10:08:33.960,2025-02-27 10:08:34.960,1.3 - Get Store Icon Image,200,1000,4797,
2025-02-27 10:08:34.447,2025-02-27 10:08:34.963,1.1 - Get Categories,200,516,347,
2025-02-27 10:08:33.973,2025-02-27 10:08:34.979,2.1 - Login,200,1006,390,
2025-02-27 10:08:34.015,2025-02-27 10:08:34.979,3.1 - Get Category,200,964,60,
2025-02-27 10:08:33.961,2025-02-27 10:08:34.979,2.1 - Login,200,1018,389,
2025-02-27 10:08:34.457,2025-02-27 10:08:35.473,1.3 - Get Store Icon Image,200,1016,4797,
2025-02-27 10:08:34.460,2025-02-27 10:08:35.473,1.2 - Is Logged In,200,1013,0,
2025-02-27 10:08:34.469,2025-02-27 10:08:35.477,3.1 - Get Category,200,1008,64,
2025-02-27 10:08:34.471,2025-02-27 10:08:35.477,3.1 - Get Category,200,1006,79,
2025-02-27 10:08:34.468,2025-02-27 10:08:35.478,2.1 - Login,200,1010,390,
2025-02-27 10:08:34.957,2025-02-27 10:08:35.488,1.1 - Get Categories,200,531,347,
2025-02-27 10:08:34.769,2025-02-27 10:08:35.736,3.2 - Get Category Count,200,967,3,
2025-02-27 10:08:34.958,2025-02-27 10:08:35.962,1.3 - Get Store Icon Image,200,1004,4797,
2025-02-27 10:08:35.445,2025-02-27 10:08:35.963,1.1 - Get Categories,200,518,347,
2025-02-27 10:08:34.966,2025-02-27 10:08:35.963,1.2 - Is Logged In,200,997,0,
2025-02-27 10:08:34.983,2025-02-27 10:08:35.963,3.1 - Get Category,200,980,60,
2025-02-27 10:08:34.962,2025-02-27 10:08:35.966,2.1 - Login,200,1004,388,
2025-02-27 10:08:34.983,2025-02-27 10:08:35.968,3.1 - Get Category,200,985,60,
2025-02-27 10:08:34.983,2025-02-27 10:08:35.979,3.2 - Get Category Count,200,996,3,
2025-02-27 10:08:35.480,2025-02-27 10:08:36.461,3.2 - Get Category Count,200,981,3,
2025-02-27 10:08:35.479,2025-02-27 10:08:36.461,1.3 - Get Store Icon Image,200,982,4797,
2025-02-27 10:08:35.947,2025-02-27 10:08:36.461,1.1 - Get Categories,200,514,347,
2025-02-27 10:08:35.480,2025-02-27 10:08:36.465,3.2 - Get Category Count,200,985,3,
2025-02-27 10:08:35.481,2025-02-27 10:08:36.467,3.1 - Get Category,200,986,60,
2025-02-27 10:08:35.479,2025-02-27 10:08:36.467,2.1 - Login,200,988,389,
2025-02-27 10:08:35.491,2025-02-27 10:08:36.481,1.2 - Is Logged In,200,990,0,
2025-02-27 10:08:35.759,2025-02-27 10:08:36.738,3.3 - Get Product List,200,979,2719,
2025-02-27 10:08:35.970,2025-02-27 10:08:36.959,1.2 - Is Logged In,200,989,0,
2025-02-27 10:08:36.447,2025-02-27 10:08:36.962,1.1 - Get Categories,200,515,347,
2025-02-27 10:08:35.970,2025-02-27 10:08:36.964,3.1 - Get Category,200,994,79,
2025-02-27 10:08:35.969,2025-02-27 10:08:36.965,3.2 - Get Category Count,200,996,3,
2025-02-27 10:08:35.969,2025-02-27 10:08:36.966,2.1 - Login,200,997,391,
2025-02-27 10:08:35.969,2025-02-27 10:08:36.968,1.3 - Get Store Icon Image,200,999,4797,
2025-02-27 10:08:35.970,2025-02-27 10:08:36.970,3.2 - Get Category Count,200,1000,3,
2025-02-27 10:08:35.981,2025-02-27 10:08:36.978,3.3 - Get Product List,200,997,2783,
2025-02-27 10:08:36.470,2025-02-27 10:08:37.467,3.1 - Get Category,200,997,69,
2025-02-27 10:08:36.467,2025-02-27 10:08:37.467,3.3 - Get Product List,200,1000,2753,
2025-02-27 10:08:36.464,2025-02-27 10:08:37.467,1.2 - Is Logged In,200,1003,0,
2025-02-27 10:08:36.469,2025-02-27 10:08:37.467,3.2 - Get Category Count,200,998,3,
2025-02-27 10:08:36.942,2025-02-27 10:08:37.467,1.1 - Get Categories,200,525,347,
2025-02-27 10:08:36.464,2025-02-27 10:08:37.467,2.1 - Login,200,1003,391,
2025-02-27 10:08:36.464,2025-02-27 10:08:37.467,3.3 - Get Product List,200,1003,2635,
2025-02-27 10:08:36.483,2025-02-27 10:08:37.489,1.3 - Get Store Icon Image,200,1006,4797,
2025-02-27 10:08:36.961,2025-02-27 10:08:37.959,1.3 - Get Store Icon Image,200,998,4797,
2025-02-27 10:08:36.969,2025-02-27 10:08:37.959,3.1 - Get Category,200,990,64,
2025-02-27 10:08:36.967,2025-02-27 10:08:37.959,3.2 - Get Category Count,200,992,3,
2025-02-27 10:08:36.966,2025-02-27 10:08:37.962,1.2 - Is Logged In,200,996,0,
2025-02-27 10:08:36.968,2025-02-27 10:08:37.965,3.3 - Get Product List,200,997,2783,
2025-02-27 10:08:36.972,2025-02-27 10:08:37.969,3.3 - Get Product List,200,997,2783,
2025-02-27 10:08:36.970,2025-02-27 10:08:37.973,2.1 - Login,200,1003,390,
2025-02-27 10:08:37.453,2025-02-27 10:08:37.974,1.1 - Get Categories,200,521,347,
2025-02-27 10:08:36.831,2025-02-27 10:08:38.243,3.4 - Get Product Images,200,1412,42941,
2025-02-27 10:08:37.472,2025-02-27 10:08:38.455,1.2 - Is Logged In,200,983,0,
2025-02-27 10:08:37.470,2025-02-27 10:08:38.457,3.2 - Get Category Count,200,987,3,
2025-02-27 10:08:37.947,2025-02-27 10:08:38.465,1.1 - Get Categories,200,518,347,
2025-02-27 10:08:37.471,2025-02-27 10:08:38.466,3.3 - Get Product List,200,995,2783,
2025-02-27 10:08:37.470,2025-02-27 10:08:38.466,1.3 - Get Store Icon Image,200,996,4797,
2025-02-27 10:08:37.471,2025-02-27 10:08:38.466,3.1 - Get Category,200,995,64,
2025-02-27 10:08:36.985,2025-02-27 10:08:38.481,3.4 - Get Product Images,200,1496,42941,
2025-02-27 10:08:37.491,2025-02-27 10:08:38.489,2.1 - Login,200,998,391,
2025-02-27 10:08:38.264,2025-02-27 10:08:38.734,3.5 - Get Store Icon Image,200,470,4797,
2025-02-27 10:08:37.961,2025-02-27 10:08:38.958,3.2 - Get Category Count,200,997,3,
2025-02-27 10:08:38.442,2025-02-27 10:08:38.958,1.1 - Get Categories,200,516,347,
2025-02-27 10:08:37.473,2025-02-27 10:08:38.962,3.4 - Get Product Images,200,1489,42941,
2025-02-27 10:08:37.474,2025-02-27 10:08:38.966,3.4 - Get Product Images,200,1492,42941,
2025-02-27 10:08:37.963,2025-02-27 10:08:38.966,1.3 - Get Store Icon Image,200,1003,4797,
2025-02-27 10:08:37.961,2025-02-27 10:08:38.966,3.3 - Get Product List,200,1005,2753,
2025-02-27 10:08:37.975,2025-02-27 10:08:38.966,3.1 - Get Category,200,991,69,
2025-02-27 10:08:37.960,2025-02-27 10:08:38.966,2.1 - Login,200,1006,390,
2025-02-27 10:08:37.975,2025-02-27 10:08:38.981,1.2 - Is Logged In,200,1006,0,
2025-02-27 10:08:38.482,2025-02-27 10:08:38.981,3.5 - Get Store Icon Image,200,499,4797,
2025-02-27 10:08:38.456,2025-02-27 10:08:39.466,1.3 - Get Store Icon Image,200,1010,4797,
2025-02-27 10:08:38.458,2025-02-27 10:08:39.466,3.3 - Get Product List,200,1008,2719,
2025-02-27 10:08:38.966,2025-02-27 10:08:39.467,3.5 - Get Store Icon Image,200,501,4797,
2025-02-27 10:08:38.468,2025-02-27 10:08:39.467,3.2 - Get Category Count,200,999,3,
2025-02-27 10:08:38.963,2025-02-27 10:08:39.469,3.5 - Get Store Icon Image,200,506,4797,
2025-02-27 10:08:38.468,2025-02-27 10:08:39.470,1.2 - Is Logged In,200,1002,0,
2025-02-27 10:08:37.973,2025-02-27 10:08:39.472,3.4 - Get Product Images,200,1499,42941,
2025-02-27 10:08:38.468,2025-02-27 10:08:39.472,2.1 - Login,200,1004,390,
2025-02-27 10:08:37.969,2025-02-27 10:08:39.473,3.4 - Get Product Images,200,1504,42941,
2025-02-27 10:08:38.490,2025-02-27 10:08:39.488,3.1 - Get Category,200,998,69,
2025-02-27 10:08:38.777,2025-02-27 10:08:39.734,4.1 - Get Categories,200,957,347,
2025-02-27 10:08:38.962,2025-02-27 10:08:39.959,3.3 - Get Product List,200,997,2635,
2025-02-27 10:08:38.963,2025-02-27 10:08:39.958,1.2 - Is Logged In,200,995,0,
2025-02-27 10:08:38.981,2025-02-27 10:08:39.959,3.1 - Get Category,200,978,79,
2025-02-27 10:08:39.475,2025-02-27 10:08:39.961,3.5 - Get Store Icon Image,200,486,4797,
2025-02-27 10:08:38.981,2025-02-27 10:08:39.961,3.2 - Get Category Count,200,980,3,
2025-02-27 10:08:39.473,2025-02-27 10:08:39.969,3.5 - Get Store Icon Image,200,496,4797,
2025-02-27 10:08:38.981,2025-02-27 10:08:39.969,2.1 - Login,200,988,389,
2025-02-27 10:08:38.470,2025-02-27 10:08:39.971,3.4 - Get Product Images,200,1501,42941,
2025-02-27 10:08:38.983,2025-02-27 10:08:39.982,1.3 - Get Store Icon Image,200,999,4797,
2025-02-27 10:08:38.983,2025-02-27 10:08:39.983,4.1 - Get Categories,200,1000,347,
2025-02-27 10:08:38.984,2025-02-27 10:08:40.459,3.4 - Get Product Images,200,1475,42941,
2025-02-27 10:08:39.474,2025-02-27 10:08:40.459,3.1 - Get Category,200,985,60,
2025-02-27 10:08:39.469,2025-02-27 10:08:40.459,3.3 - Get Product List,200,990,2635,
2025-02-27 10:08:39.470,2025-02-27 10:08:40.462,4.1 - Get Categories,200,992,347,
2025-02-27 10:08:39.471,2025-02-27 10:08:40.464,4.1 - Get Categories,200,993,347,
2025-02-27 10:08:39.973,2025-02-27 10:08:40.464,3.5 - Get Store Icon Image,200,491,4797,
2025-02-27 10:08:39.471,2025-02-27 10:08:40.464,1.3 - Get Store Icon Image,200,993,4797,
2025-02-27 10:08:39.468,2025-02-27 10:08:40.464,2.1 - Login,200,996,390,
2025-02-27 10:08:39.490,2025-02-27 10:08:40.479,3.2 - Get Category Count,200,989,3,
2025-02-27 10:08:39.752,2025-02-27 10:08:40.732,4.2 - Is Logged In,200,980,262,
2025-02-27 10:08:39.964,2025-02-27 10:08:40.958,3.2 - Get Category Count,200,994,3,
2025-02-27 10:08:39.963,2025-02-27 10:08:40.957,1.3 - Get Store Icon Image,200,994,4797,
2025-02-27 10:08:39.471,2025-02-27 10:08:40.958,3.4 - Get Product Images,200,1487,42941,
2025-02-27 10:08:39.971,2025-02-27 10:08:40.958,3.1 - Get Category,200,987,69,
2025-02-27 10:08:39.971,2025-02-27 10:08:40.961,4.1 - Get Categories,200,990,347,
2025-02-27 10:08:40.461,2025-02-27 10:08:40.963,3.5 - Get Store Icon Image,200,502,4797,
2025-02-27 10:08:39.965,2025-02-27 10:08:40.964,3.3 - Get Product List,200,999,2719,
2025-02-27 10:08:39.971,2025-02-27 10:08:40.965,4.1 - Get Categories,200,994,347,
2025-02-27 10:08:39.985,2025-02-27 10:08:40.979,4.2 - Is Logged In,200,994,263,
2025-02-27 10:08:39.984,2025-02-27 10:08:40.982,2.1 - Login,200,998,390,
2025-02-27 10:08:39.966,2025-02-27 10:08:41.453,3.4 - Get Product Images,200,1487,42941,
2025-02-27 10:08:40.467,2025-02-27 10:08:41.457,3.1 - Get Category,200,990,79,
2025-02-27 10:08:40.963,2025-02-27 10:08:41.458,3.5 - Get Store Icon Image,200,495,4797,
2025-02-27 10:08:40.461,2025-02-27 10:08:41.459,3.2 - Get Category Count,200,998,3,
2025-02-27 10:08:40.463,2025-02-27 10:08:41.459,4.2 - Is Logged In,200,996,263,
2025-02-27 10:08:40.466,2025-02-27 10:08:41.465,4.2 - Is Logged In,200,999,265,
2025-02-27 10:08:40.486,2025-02-27 10:08:41.465,4.1 - Get Categories,200,979,347,
2025-02-27 10:08:40.466,2025-02-27 10:08:41.474,2.1 - Login,200,1008,388,
2025-02-27 10:08:40.481,2025-02-27 10:08:41.482,3.3 - Get Product List,200,1001,2719,
2025-02-27 10:08:40.748,2025-02-27 10:08:41.732,4.3 - Get Product Details,200,984,132,
2025-02-27 10:08:41.455,2025-02-27 10:08:41.957,3.5 - Get Store Icon Image,200,502,4797,
2025-02-27 10:08:40.964,2025-02-27 10:08:41.961,4.1 - Get Categories,200,997,347,
2025-02-27 10:08:40.963,2025-02-27 10:08:41.963,4.2 - Is Logged In,200,1000,263,
2025-02-27 10:08:40.963,2025-02-27 10:08:41.963,3.3 - Get Product List,200,1000,2753,
2025-02-27 10:08:40.464,2025-02-27 10:08:41.963,3.4 - Get Product Images,200,1499,42941,
2025-02-27 10:08:40.963,2025-02-27 10:08:41.963,3.2 - Get Category Count,200,1000,3,
2025-02-27 10:08:40.962,2025-02-27 10:08:41.967,2.1 - Login,200,1005,390,
2025-02-27 10:08:40.967,2025-02-27 10:08:41.973,4.2 - Is Logged In,200,1006,264,
2025-02-27 10:08:40.984,2025-02-27 10:08:41.974,3.1 - Get Category,200,990,69,
2025-02-27 10:08:40.981,2025-02-27 10:08:41.979,4.3 - Get Product Details,200,998,135,
2025-02-27 10:08:41.465,2025-02-27 10:08:42.456,4.1 - Get Categories,200,991,347,
2025-02-27 10:08:41.458,2025-02-27 10:08:42.458,3.2 - Get Category Count,200,1000,3,
2025-02-27 10:08:41.461,2025-02-27 10:08:42.459,4.3 - Get Product Details,200,998,129,
2025-02-27 10:08:41.969,2025-02-27 10:08:42.459,3.5 - Get Store Icon Image,200,490,4797,
2025-02-27 10:08:41.467,2025-02-27 10:08:42.459,4.3 - Get Product Details,200,992,127,
2025-02-27 10:08:41.475,2025-02-27 10:08:42.460,3.1 - Get Category,200,985,60,
2025-02-27 10:08:41.460,2025-02-27 10:08:42.461,3.3 - Get Product List,200,1001,2783,
2025-02-27 10:08:41.467,2025-02-27 10:08:42.464,4.2 - Is Logged In,200,997,264,
2025-02-27 10:08:40.967,2025-02-27 10:08:42.467,3.4 - Get Product Images,200,1500,42941,
2025-02-27 10:08:41.971,2025-02-27 10:08:42.955,3.1 - Get Category,200,984,60,
2025-02-27 10:08:41.961,2025-02-27 10:08:42.956,4.1 - Get Categories,200,995,347,
2025-02-27 10:08:41.966,2025-02-27 10:08:42.959,4.2 - Is Logged In,200,993,262,
2025-02-27 10:08:41.970,2025-02-27 10:08:42.959,3.3 - Get Product List,200,989,2719,
2025-02-27 10:08:41.968,2025-02-27 10:08:42.962,4.3 - Get Product Details,200,994,135,
2025-02-27 10:08:42.469,2025-02-27 10:08:42.963,3.5 - Get Store Icon Image,200,494,4797,
2025-02-27 10:08:41.974,2025-02-27 10:08:42.970,4.3 - Get Product Details,200,996,136,
2025-02-27 10:08:41.976,2025-02-27 10:08:42.973,3.2 - Get Category Count,200,997,3,
2025-02-27 10:08:41.751,2025-02-27 10:08:42.985,4.4 - Get Product Image,200,1234,25643,
2025-02-27 10:08:41.485,2025-02-27 10:08:43.009,3.4 - Get Product Images,200,1524,42941,
2025-02-27 10:08:41.981,2025-02-27 10:08:43.230,4.4 - Get Product Image,200,1249,25643,
2025-02-27 10:08:41.971,2025-02-27 10:08:43.456,3.4 - Get Product Images,200,1485,42941,
2025-02-27 10:08:42.460,2025-02-27 10:08:43.459,4.2 - Is Logged In,200,999,263,
2025-02-27 10:08:42.461,2025-02-27 10:08:43.459,3.3 - Get Product List,200,998,2753,
2025-02-27 10:08:42.466,2025-02-27 10:08:43.470,4.3 - Get Product Details,200,1004,136,
2025-02-27 10:08:42.470,2025-02-27 10:08:43.470,4.1 - Get Categories,200,1000,347,
2025-02-27 10:08:42.461,2025-02-27 10:08:43.470,3.2 - Get Category Count,200,1009,3,
2025-02-27 10:08:43.012,2025-02-27 10:08:43.489,3.5 - Get Store Icon Image,200,477,4797,
2025-02-27 10:08:42.461,2025-02-27 10:08:43.722,4.4 - Get Product Image,200,1261,25643,
2025-02-27 10:08:42.461,2025-02-27 10:08:43.722,4.4 - Get Product Image,200,1261,25643,
2025-02-27 10:08:43.047,2025-02-27 10:08:43.735,4.5 - Get Product Recommendations,200,688,39,
2025-02-27 10:08:42.961,2025-02-27 10:08:43.964,4.3 - Get Product Details,200,1003,131,
2025-02-27 10:08:42.979,2025-02-27 10:08:43.967,4.1 - Get Categories,200,988,347,
2025-02-27 10:08:42.957,2025-02-27 10:08:43.967,3.2 - Get Category Count,200,1010,3,
2025-02-27 10:08:43.459,2025-02-27 10:08:43.967,3.5 - Get Store Icon Image,200,508,4797,
2025-02-27 10:08:42.957,2025-02-27 10:08:43.967,4.2 - Is Logged In,200,1010,265,
2025-02-27 10:08:42.464,2025-02-27 10:08:43.972,3.4 - Get Product Images,200,1508,42941,
2025-02-27 10:08:42.974,2025-02-27 10:08:43.978,3.3 - Get Product List,200,1004,2719,
2025-02-27 10:08:43.237,2025-02-27 10:08:43.978,4.5 - Get Product Recommendations,200,741,30,
2025-02-27 10:08:42.972,2025-02-27 10:08:44.260,4.4 - Get Product Image,200,1288,25643,
2025-02-27 10:08:42.963,2025-02-27 10:08:44.260,4.4 - Get Product Image,200,1297,25643,
2025-02-27 10:08:43.462,2025-02-27 10:08:44.458,4.3 - Get Product Details,200,996,134,
2025-02-27 10:08:43.472,2025-02-27 10:08:44.458,4.2 - Is Logged In,200,986,265,
2025-02-27 10:08:43.973,2025-02-27 10:08:44.460,3.5 - Get Store Icon Image,200,487,4797,
2025-02-27 10:08:43.727,2025-02-27 10:08:44.460,4.5 - Get Product Recommendations,200,733,33,
2025-02-27 10:08:43.727,2025-02-27 10:08:44.460,4.5 - Get Product Recommendations,200,733,34,
2025-02-27 10:08:43.472,2025-02-27 10:08:44.460,3.3 - Get Product List,200,988,2783,
2025-02-27 10:08:42.963,2025-02-27 10:08:44.463,3.4 - Get Product Images,200,1500,42941,
2025-02-27 10:08:43.525,2025-02-27 10:08:44.480,4.1 - Get Categories,200,955,347,
2025-02-27 10:08:43.472,2025-02-27 10:08:44.722,4.4 - Get Product Image,200,1250,25643,
2025-02-27 10:08:43.752,2025-02-27 10:08:44.735,4.6 - Get Product Details,200,983,139,
2025-02-27 10:08:43.969,2025-02-27 10:08:44.957,4.3 - Get Product Details,200,988,147,
2025-02-27 10:08:43.969,2025-02-27 10:08:44.959,4.1 - Get Categories,200,990,347,
2025-02-27 10:08:43.969,2025-02-27 10:08:44.962,3.3 - Get Product List,200,993,2783,
2025-02-27 10:08:43.462,2025-02-27 10:08:44.962,3.4 - Get Product Images,200,1500,42941,
2025-02-27 10:08:44.465,2025-02-27 10:08:44.963,3.5 - Get Store Icon Image,200,498,4797,
2025-02-27 10:08:44.263,2025-02-27 10:08:44.963,4.5 - Get Product Recommendations,200,700,41,
2025-02-27 10:08:43.969,2025-02-27 10:08:44.964,4.2 - Is Logged In,200,995,264,
2025-02-27 10:08:44.263,2025-02-27 10:08:44.967,4.5 - Get Product Recommendations,200,704,40,
2025-02-27 10:08:43.980,2025-02-27 10:08:44.979,4.6 - Get Product Details,200,999,135,
2025-02-27 10:08:43.966,2025-02-27 10:08:45.213,4.4 - Get Product Image,200,1247,25643,
2025-02-27 10:08:44.966,2025-02-27 10:08:45.458,3.5 - Get Store Icon Image,200,492,4797,
2025-02-27 10:08:44.482,2025-02-27 10:08:45.461,4.1 - Get Categories,200,979,347,
2025-02-27 10:08:44.463,2025-02-27 10:08:45.460,4.3 - Get Product Details,200,997,126,
2025-02-27 10:08:44.463,2025-02-27 10:08:45.462,4.6 - Get Product Details,200,999,137,
2025-02-27 10:08:44.463,2025-02-27 10:08:45.462,4.6 - Get Product Details,200,999,139,
2025-02-27 10:08:44.728,2025-02-27 10:08:45.465,4.5 - Get Product Recommendations,200,737,39,
2025-02-27 10:08:43.980,2025-02-27 10:08:45.479,3.4 - Get Product Images,200,1499,42941,
2025-02-27 10:08:44.482,2025-02-27 10:08:45.481,4.2 - Is Logged In,200,999,265,
2025-02-27 10:08:44.463,2025-02-27 10:08:45.714,4.4 - Get Product Image,200,1251,25643,
2025-02-27 10:08:44.963,2025-02-27 10:08:45.957,4.2 - Is Logged In,200,994,264,
2025-02-27 10:08:45.218,2025-02-27 10:08:45.957,4.5 - Get Product Recommendations,200,739,32,
2025-02-27 10:08:44.968,2025-02-27 10:08:45.958,4.6 - Get Product Details,200,990,125,
2025-02-27 10:08:44.968,2025-02-27 10:08:45.963,4.1 - Get Categories,200,995,347,
2025-02-27 10:08:44.969,2025-02-27 10:08:45.963,4.3 - Get Product Details,200,994,134,
2025-02-27 10:08:44.465,2025-02-27 10:08:45.964,3.4 - Get Product Images,200,1499,42941,
2025-02-27 10:08:44.971,2025-02-27 10:08:45.970,4.6 - Get Product Details,200,999,134,
2025-02-27 10:08:45.480,2025-02-27 10:08:45.974,3.5 - Get Store Icon Image,200,494,4797,
2025-02-27 10:08:44.960,2025-02-27 10:08:46.208,4.4 - Get Product Image,200,1248,25643,
2025-02-27 10:08:44.771,2025-02-27 10:08:46.233,4.7 - Get Recommended Product Images,200,1462,62189,
2025-02-27 10:08:45.473,2025-02-27 10:08:46.457,4.1 - Get Categories,200,984,347,
2025-02-27 10:08:44.969,2025-02-27 10:08:46.456,3.4 - Get Product Images,200,1487,42941,
2025-02-27 10:08:45.717,2025-02-27 10:08:46.457,4.5 - Get Product Recommendations,200,740,39,
2025-02-27 10:08:45.467,2025-02-27 10:08:46.466,4.6 - Get Product Details,200,999,144,
2025-02-27 10:08:45.465,2025-02-27 10:08:46.466,4.2 - Is Logged In,200,1001,264,
2025-02-27 10:08:45.965,2025-02-27 10:08:46.466,3.5 - Get Store Icon Image,200,501,4797,
2025-02-27 10:08:45.483,2025-02-27 10:08:46.482,4.3 - Get Product Details,200,999,138,
2025-02-27 10:08:44.981,2025-02-27 10:08:46.482,4.7 - Get Recommended Product Images,200,1501,62180,
2025-02-27 10:08:45.465,2025-02-27 10:08:46.718,4.4 - Get Product Image,200,1253,25643,
2025-02-27 10:08:46.250,2025-02-27 10:08:46.737,4.8 - Get Store Icon Image,200,487,4797,
2025-02-27 10:08:46.458,2025-02-27 10:08:46.959,3.5 - Get Store Icon Image,200,501,4797,
2025-02-27 10:08:46.213,2025-02-27 10:08:46.959,4.5 - Get Product Recommendations,200,746,41,
2025-02-27 10:08:45.962,2025-02-27 10:08:46.959,4.3 - Get Product Details,200,997,149,
2025-02-27 10:08:45.965,2025-02-27 10:08:46.961,4.2 - Is Logged In,200,996,263,
2025-02-27 10:08:45.962,2025-02-27 10:08:46.962,4.6 - Get Product Details,200,1000,139,
2025-02-27 10:08:45.467,2025-02-27 10:08:46.968,4.7 - Get Recommended Product Images,200,1501,62184,
2025-02-27 10:08:45.467,2025-02-27 10:08:46.971,4.7 - Get Recommended Product Images,200,1504,62183,
2025-02-27 10:08:45.976,2025-02-27 10:08:46.978,4.1 - Get Categories,200,1002,347,
2025-02-27 10:08:46.484,2025-02-27 10:08:46.980,4.8 - Get Store Icon Image,200,496,4797,
2025-02-27 10:08:45.964,2025-02-27 10:08:47.223,4.4 - Get Product Image,200,1259,25643,
2025-02-27 10:08:46.458,2025-02-27 10:08:47.455,4.6 - Get Product Details,200,997,146,
2025-02-27 10:08:46.720,2025-02-27 10:08:47.459,4.5 - Get Product Recommendations,200,739,40,
2025-02-27 10:08:46.458,2025-02-27 10:08:47.460,4.2 - Is Logged In,200,1002,264,
2025-02-27 10:08:46.969,2025-02-27 10:08:47.460,4.8 - Get Store Icon Image,200,491,4797,
2025-02-27 10:08:46.468,2025-02-27 10:08:47.461,4.3 - Get Product Details,200,993,141,
2025-02-27 10:08:46.972,2025-02-27 10:08:47.461,4.8 - Get Store Icon Image,200,489,4797,
2025-02-27 10:08:46.468,2025-02-27 10:08:47.463,4.1 - Get Categories,200,995,347,
2025-02-27 10:08:45.963,2025-02-27 10:08:47.463,4.7 - Get Recommended Product Images,200,1500,62191,
2025-02-27 10:08:45.972,2025-02-27 10:08:47.471,4.7 - Get Recommended Product Images,200,1499,62190,
2025-02-27 10:08:46.484,2025-02-27 10:08:47.735,4.4 - Get Product Image,200,1251,25643,
2025-02-27 10:08:46.753,2025-02-27 10:08:47.736,5.1 - Add Product to Cart,200,983,461,
2025-02-27 10:08:46.963,2025-02-27 10:08:47.964,4.1 - Get Categories,200,1001,347,
2025-02-27 10:08:46.964,2025-02-27 10:08:47.964,4.3 - Get Product Details,200,1000,134,
2025-02-27 10:08:47.467,2025-02-27 10:08:47.964,4.8 - Get Store Icon Image,200,497,4797,
2025-02-27 10:08:46.964,2025-02-27 10:08:47.964,4.6 - Get Product Details,200,1000,131,
2025-02-27 10:08:47.227,2025-02-27 10:08:47.965,4.5 - Get Product Recommendations,200,738,40,
2025-02-27 10:08:46.469,2025-02-27 10:08:47.969,4.7 - Get Recommended Product Images,200,1500,62189,
2025-02-27 10:08:47.474,2025-02-27 10:08:47.972,4.8 - Get Store Icon Image,200,498,4797,
2025-02-27 10:08:46.979,2025-02-27 10:08:47.978,4.2 - Is Logged In,200,999,264,
2025-02-27 10:08:46.991,2025-02-27 10:08:47.980,5.1 - Add Product to Cart,200,989,462,
2025-02-27 10:08:46.963,2025-02-27 10:08:48.212,4.4 - Get Product Image,200,1249,25643,
2025-02-27 10:08:47.464,2025-02-27 10:08:48.454,4.3 - Get Product Details,200,990,131,
2025-02-27 10:08:47.464,2025-02-27 10:08:48.459,4.6 - Get Product Details,200,995,119,
2025-02-27 10:08:47.970,2025-02-27 10:08:48.462,4.8 - Get Store Icon Image,200,492,4797,
2025-02-27 10:08:47.465,2025-02-27 10:08:48.464,5.1 - Add Product to Cart,200,999,464,
2025-02-27 10:08:47.473,2025-02-27 10:08:48.472,5.1 - Add Product to Cart,200,999,462,
2025-02-27 10:08:47.467,2025-02-27 10:08:48.474,4.2 - Is Logged In,200,1007,262,
2025-02-27 10:08:46.965,2025-02-27 10:08:48.475,4.7 - Get Recommended Product Images,200,1510,62182,
2025-02-27 10:08:47.740,2025-02-27 10:08:48.478,4.5 - Get Product Recommendations,200,738,30,
2025-02-27 10:08:47.466,2025-02-27 10:08:48.710,4.4 - Get Product Image,200,1244,25643,
2025-02-27 10:08:47.798,2025-02-27 10:08:48.732,5.2 - Get Product Details,200,934,132,
2025-02-27 10:08:47.460,2025-02-27 10:08:48.950,4.7 - Get Recommended Product Images,200,1490,62189,
2025-02-27 10:08:48.218,2025-02-27 10:08:48.957,4.5 - Get Product Recommendations,200,739,38,
2025-02-27 10:08:47.966,2025-02-27 10:08:48.958,4.2 - Is Logged In,200,992,264,
2025-02-27 10:08:48.476,2025-02-27 10:08:48.961,4.8 - Get Store Icon Image,200,485,4797,
2025-02-27 10:08:47.966,2025-02-27 10:08:48.963,5.1 - Add Product to Cart,200,997,462,
2025-02-27 10:08:47.966,2025-02-27 10:08:48.964,4.6 - Get Product Details,200,998,150,
2025-02-27 10:08:47.974,2025-02-27 10:08:48.966,5.1 - Add Product to Cart,200,992,464,
2025-02-27 10:08:47.979,2025-02-27 10:08:48.974,4.3 - Get Product Details,200,995,131,
2025-02-27 10:08:47.982,2025-02-27 10:08:48.978,5.2 - Get Product Details,200,996,135,
2025-02-27 10:08:47.966,2025-02-27 10:08:49.212,4.4 - Get Product Image,200,1246,25643,
2025-02-27 10:08:48.954,2025-02-27 10:08:49.457,4.8 - Get Store Icon Image,200,503,4797,
2025-02-27 10:08:48.712,2025-02-27 10:08:49.459,4.5 - Get Product Recommendations,200,747,39,
2025-02-27 10:08:47.967,2025-02-27 10:08:49.459,4.7 - Get Recommended Product Images,200,1492,62191,
2025-02-27 10:08:48.474,2025-02-27 10:08:49.461,5.2 - Get Product Details,200,987,129,
2025-02-27 10:08:48.466,2025-02-27 10:08:49.461,5.2 - Get Product Details,200,995,127,
2025-02-27 10:08:48.475,2025-02-27 10:08:49.464,4.3 - Get Product Details,200,989,135,
2025-02-27 10:08:48.481,2025-02-27 10:08:49.464,5.1 - Add Product to Cart,200,983,464,
2025-02-27 10:08:48.480,2025-02-27 10:08:49.481,4.6 - Get Product Details,200,1001,132,
2025-02-27 10:08:48.456,2025-02-27 10:08:49.706,4.4 - Get Product Image,200,1250,25643,
2025-02-27 10:08:48.748,2025-02-27 10:08:49.731,5.3 - Get Store Icon Image,200,983,4797,
2025-02-27 10:08:49.462,2025-02-27 10:08:49.956,4.8 - Get Store Icon Image,200,494,4797,
2025-02-27 10:08:48.958,2025-02-27 10:08:49.956,4.6 - Get Product Details,200,998,124,
2025-02-27 10:08:48.461,2025-02-27 10:08:49.957,4.7 - Get Recommended Product Images,200,1496,62190,
2025-02-27 10:08:48.959,2025-02-27 10:08:49.957,4.3 - Get Product Details,200,998,136,
2025-02-27 10:08:48.964,2025-02-27 10:08:49.958,5.2 - Get Product Details,200,994,135,
2025-02-27 10:08:48.977,2025-02-27 10:08:49.958,5.1 - Add Product to Cart,200,981,461,
2025-02-27 10:08:49.217,2025-02-27 10:08:49.958,4.5 - Get Product Recommendations,200,741,33,
2025-02-27 10:08:48.968,2025-02-27 10:08:49.967,5.2 - Get Product Details,200,999,136,
2025-02-27 10:08:48.980,2025-02-27 10:08:49.976,5.3 - Get Store Icon Image,200,996,4797,
2025-02-27 10:08:48.976,2025-02-27 10:08:50.224,4.4 - Get Product Image,200,1248,25643,
2025-02-27 10:08:49.708,2025-02-27 10:08:50.454,4.5 - Get Product Recommendations,200,746,31,
2025-02-27 10:08:49.460,2025-02-27 10:08:50.456,5.1 - Add Product to Cart,200,996,462,
2025-02-27 10:08:48.966,2025-02-27 10:08:50.462,4.7 - Get Recommended Product Images,200,1496,62190,
2025-02-27 10:08:49.462,2025-02-27 10:08:50.462,4.6 - Get Product Details,200,1000,139,
2025-02-27 10:08:49.958,2025-02-27 10:08:50.462,4.8 - Get Store Icon Image,200,504,4797,
2025-02-27 10:08:49.463,2025-02-27 10:08:50.462,5.3 - Get Store Icon Image,200,999,4797,
2025-02-27 10:08:49.463,2025-02-27 10:08:50.463,5.3 - Get Store Icon Image,200,1000,4797,
2025-02-27 10:08:49.466,2025-02-27 10:08:50.464,5.2 - Get Product Details,200,998,136,
2025-02-27 10:08:49.465,2025-02-27 10:08:50.713,4.4 - Get Product Image,200,1248,25643,
2025-02-27 10:08:49.754,2025-02-27 10:08:50.739,5.4 - Get Categories,200,985,347,
2025-02-27 10:08:49.960,2025-02-27 10:08:50.961,4.6 - Get Product Details,200,1001,147,
2025-02-27 10:08:49.959,2025-02-27 10:08:50.966,5.2 - Get Product Details,200,1007,131,
2025-02-27 10:08:50.464,2025-02-27 10:08:50.966,4.8 - Get Store Icon Image,200,502,4797,
2025-02-27 10:08:49.962,2025-02-27 10:08:50.966,5.1 - Add Product to Cart,200,1004,464,
2025-02-27 10:08:49.959,2025-02-27 10:08:50.966,5.3 - Get Store Icon Image,200,1007,4797,
2025-02-27 10:08:49.968,2025-02-27 10:08:50.972,5.3 - Get Store Icon Image,200,1004,4797,
2025-02-27 10:08:50.227,2025-02-27 10:08:50.975,4.5 - Get Product Recommendations,200,748,39,
2025-02-27 10:08:49.978,2025-02-27 10:08:50.979,5.4 - Get Categories,200,1001,347,
2025-02-27 10:08:49.483,2025-02-27 10:08:50.984,4.7 - Get Recommended Product Images,200,1501,62180,
2025-02-27 10:08:49.958,2025-02-27 10:08:51.212,4.4 - Get Product Image,200,1254,25643,
2025-02-27 10:08:50.457,2025-02-27 10:08:51.459,5.2 - Get Product Details,200,1002,134,
2025-02-27 10:08:50.456,2025-02-27 10:08:51.459,4.6 - Get Product Details,200,1003,130,
2025-02-27 10:08:49.959,2025-02-27 10:08:51.460,4.7 - Get Recommended Product Images,200,1501,62188,
2025-02-27 10:08:50.465,2025-02-27 10:08:51.463,5.4 - Get Categories,200,998,347,
2025-02-27 10:08:50.717,2025-02-27 10:08:51.463,4.5 - Get Product Recommendations,200,746,39,
2025-02-27 10:08:50.470,2025-02-27 10:08:51.463,5.1 - Add Product to Cart,200,993,465,
2025-02-27 10:08:50.464,2025-02-27 10:08:51.464,5.4 - Get Categories,200,1000,347,
2025-02-27 10:08:50.465,2025-02-27 10:08:51.465,5.3 - Get Store Icon Image,200,1000,4797,
2025-02-27 10:08:50.985,2025-02-27 10:08:51.480,4.8 - Get Store Icon Image,200,495,4797,
2025-02-27 10:08:50.755,2025-02-27 10:08:51.737,5.5 - Is Logged In,200,982,335,
2025-02-27 10:08:50.465,2025-02-27 10:08:51.970,4.7 - Get Recommended Product Images,200,1505,62189,
2025-02-27 10:08:50.968,2025-02-27 10:08:51.970,5.4 - Get Categories,200,1002,347,
2025-02-27 10:08:50.968,2025-02-27 10:08:51.970,5.3 - Get Store Icon Image,200,1002,4797,
2025-02-27 10:08:50.968,2025-02-27 10:08:51.970,5.2 - Get Product Details,200,1002,147,
2025-02-27 10:08:51.217,2025-02-27 10:08:51.970,4.5 - Get Product Recommendations,200,753,35,
2025-02-27 10:08:50.968,2025-02-27 10:08:51.970,5.1 - Add Product to Cart,200,1002,463,
2025-02-27 10:08:51.463,2025-02-27 10:08:51.970,4.8 - Get Store Icon Image,200,507,4797,
2025-02-27 10:08:50.973,2025-02-27 10:08:51.970,5.4 - Get Categories,200,997,347,
2025-02-27 10:08:50.976,2025-02-27 10:08:51.975,4.6 - Get Product Details,200,999,139,
2025-02-27 10:08:50.980,2025-02-27 10:08:51.978,5.5 - Is Logged In,200,998,336,
2025-02-27 10:08:51.462,2025-02-27 10:08:52.454,5.3 - Get Store Icon Image,200,992,4797,
2025-02-27 10:08:51.976,2025-02-27 10:08:52.458,4.8 - Get Store Icon Image,200,482,4797,
2025-02-27 10:08:51.465,2025-02-27 10:08:52.460,5.5 - Is Logged In,200,995,336,
2025-02-27 10:08:51.465,2025-02-27 10:08:52.462,5.2 - Get Product Details,200,997,126,
2025-02-27 10:08:51.465,2025-02-27 10:08:52.462,4.6 - Get Product Details,200,997,139,
2025-02-27 10:08:51.466,2025-02-27 10:08:52.463,5.5 - Is Logged In,200,997,338,
2025-02-27 10:08:51.467,2025-02-27 10:08:52.465,5.4 - Get Categories,200,998,347,
2025-02-27 10:08:50.967,2025-02-27 10:08:52.468,4.7 - Get Recommended Product Images,200,1501,62183,
2025-02-27 10:08:51.487,2025-02-27 10:08:52.482,5.1 - Add Product to Cart,200,995,464,
2025-02-27 10:08:51.767,2025-02-27 10:08:52.734,5.6 - Get Product Recommendations,200,967,39,
2025-02-27 10:08:51.976,2025-02-27 10:08:52.968,5.3 - Get Store Icon Image,200,992,4797,
2025-02-27 10:08:51.464,2025-02-27 10:08:52.968,4.7 - Get Recommended Product Images,200,1504,62181,
2025-02-27 10:08:51.976,2025-02-27 10:08:52.968,5.1 - Add Product to Cart,200,992,463,
2025-02-27 10:08:51.977,2025-02-27 10:08:52.968,4.6 - Get Product Details,200,991,132,
2025-02-27 10:08:51.976,2025-02-27 10:08:52.968,5.5 - Is Logged In,200,992,338,
2025-02-27 10:08:51.977,2025-02-27 10:08:52.968,5.4 - Get Categories,200,991,347,
2025-02-27 10:08:51.976,2025-02-27 10:08:52.968,5.2 - Get Product Details,200,992,134,
2025-02-27 10:08:51.976,2025-02-27 10:08:52.968,5.5 - Is Logged In,200,992,336,
2025-02-27 10:08:52.470,2025-02-27 10:08:52.968,4.8 - Get Store Icon Image,200,498,4797,
2025-02-27 10:08:51.980,2025-02-27 10:08:52.979,5.6 - Get Product Recommendations,200,999,30,
2025-02-27 10:08:52.974,2025-02-27 10:08:53.456,4.8 - Get Store Icon Image,200,482,4797,
2025-02-27 10:08:52.457,2025-02-27 10:08:53.456,5.4 - Get Categories,200,999,347,
2025-02-27 10:08:52.461,2025-02-27 10:08:53.456,5.6 - Get Product Recommendations,200,995,34,
2025-02-27 10:08:52.465,2025-02-27 10:08:53.461,5.6 - Get Product Recommendations,200,996,33,
2025-02-27 10:08:52.463,2025-02-27 10:08:53.462,5.3 - Get Store Icon Image,200,999,4797,
2025-02-27 10:08:52.470,2025-02-27 10:08:53.463,5.1 - Add Product to Cart,200,993,463,
2025-02-27 10:08:52.466,2025-02-27 10:08:53.464,5.5 - Is Logged In,200,998,338,
2025-02-27 10:08:51.978,2025-02-27 10:08:53.476,4.7 - Get Recommended Product Images,200,1498,62189,
2025-02-27 10:08:52.484,2025-02-27 10:08:53.481,5.2 - Get Product Details,200,997,138,
2025-02-27 10:08:52.750,2025-02-27 10:08:53.732,5.7 - Get Product Details,200,982,139,
2025-02-27 10:08:52.974,2025-02-27 10:08:53.961,5.2 - Get Product Details,200,987,149,
2025-02-27 10:08:52.974,2025-02-27 10:08:53.965,5.3 - Get Store Icon Image,200,991,4797,
2025-02-27 10:08:52.974,2025-02-27 10:08:53.963,5.6 - Get Product Recommendations,200,989,41,
2025-02-27 10:08:52.464,2025-02-27 10:08:53.963,4.7 - Get Recommended Product Images,200,1499,62189,
2025-02-27 10:08:52.974,2025-02-27 10:08:53.963,5.4 - Get Categories,200,989,347,
2025-02-27 10:08:52.982,2025-02-27 10:08:53.964,5.1 - Add Product to Cart,200,982,462,
2025-02-27 10:08:52.974,2025-02-27 10:08:53.963,5.5 - Is Logged In,200,989,335,
2025-02-27 10:08:52.974,2025-02-27 10:08:53.970,5.6 - Get Product Recommendations,200,996,40,
2025-02-27 10:08:53.477,2025-02-27 10:08:53.976,4.8 - Get Store Icon Image,200,499,4797,
2025-02-27 10:08:52.981,2025-02-27 10:08:53.979,5.7 - Get Product Details,200,998,135,
2025-02-27 10:08:53.468,2025-02-27 10:08:54.459,5.1 - Add Product to Cart,200,991,463,
2025-02-27 10:08:53.461,2025-02-27 10:08:54.459,5.7 - Get Product Details,200,998,139,
2025-02-27 10:08:53.460,2025-02-27 10:08:54.459,5.5 - Is Logged In,200,999,336,
2025-02-27 10:08:53.464,2025-02-27 10:08:54.459,5.2 - Get Product Details,200,995,141,
2025-02-27 10:08:53.462,2025-02-27 10:08:54.459,5.7 - Get Product Details,200,997,137,
2025-02-27 10:08:53.463,2025-02-27 10:08:54.459,5.4 - Get Categories,200,996,347,
2025-02-27 10:08:53.968,2025-02-27 10:08:54.461,4.8 - Get Store Icon Image,200,493,4797,
2025-02-27 10:08:53.466,2025-02-27 10:08:54.464,5.6 - Get Product Recommendations,200,998,39,
2025-02-27 10:08:52.975,2025-02-27 10:08:54.466,4.7 - Get Recommended Product Images,200,1491,62185,
2025-02-27 10:08:53.482,2025-02-27 10:08:54.485,5.3 - Get Store Icon Image,200,1003,4797,
2025-02-27 10:08:53.965,2025-02-27 10:08:54.964,5.3 - Get Store Icon Image,200,999,4797,
2025-02-27 10:08:54.468,2025-02-27 10:08:54.964,4.8 - Get Store Icon Image,200,496,4797,
2025-02-27 10:08:53.968,2025-02-27 10:08:54.965,5.6 - Get Product Recommendations,200,997,32,
2025-02-27 10:08:53.968,2025-02-27 10:08:54.965,5.7 - Get Product Details,200,997,125,
2025-02-27 10:08:53.968,2025-02-27 10:08:54.964,5.5 - Is Logged In,200,996,338,
2025-02-27 10:08:53.969,2025-02-27 10:08:54.965,5.2 - Get Product Details,200,996,134,
2025-02-27 10:08:53.968,2025-02-27 10:08:54.968,5.4 - Get Categories,200,1000,347,
2025-02-27 10:08:53.972,2025-02-27 10:08:54.969,5.7 - Get Product Details,200,997,134,
2025-02-27 10:08:53.981,2025-02-27 10:08:54.975,5.1 - Add Product to Cart,200,994,464,
2025-02-27 10:08:53.750,2025-02-27 10:08:55.245,5.8 - Get Recommended Product Images,200,1495,62189,
2025-02-27 10:08:54.461,2025-02-27 10:08:55.457,5.6 - Get Product Recommendations,200,996,39,
2025-02-27 10:08:54.461,2025-02-27 10:08:55.457,5.5 - Is Logged In,200,996,339,
2025-02-27 10:08:54.461,2025-02-27 10:08:55.457,5.2 - Get Product Details,200,996,131,
2025-02-27 10:08:54.461,2025-02-27 10:08:55.459,5.3 - Get Store Icon Image,200,998,4797,
2025-02-27 10:08:54.468,2025-02-27 10:08:55.463,5.1 - Add Product to Cart,200,995,461,
2025-02-27 10:08:54.466,2025-02-27 10:08:55.463,5.7 - Get Product Details,200,997,144,
2025-02-27 10:08:54.487,2025-02-27 10:08:55.482,5.4 - Get Categories,200,995,347,
2025-02-27 10:08:53.982,2025-02-27 10:08:55.497,5.8 - Get Recommended Product Images,200,1515,62180,
2025-02-27 10:08:55.265,2025-02-27 10:08:55.733,6.1 - Get Category,200,468,69,
2025-02-27 10:08:54.970,2025-02-27 10:08:55.961,5.6 - Get Product Recommendations,200,991,41,
2025-02-27 10:08:54.970,2025-02-27 10:08:55.961,5.4 - Get Categories,200,991,347,
2025-02-27 10:08:54.970,2025-02-27 10:08:55.961,5.7 - Get Product Details,200,991,139,
2025-02-27 10:08:54.975,2025-02-27 10:08:55.962,5.1 - Add Product to Cart,200,987,464,
2025-02-27 10:08:54.970,2025-02-27 10:08:55.966,5.5 - Is Logged In,200,996,337,
2025-02-27 10:08:54.970,2025-02-27 10:08:55.966,5.3 - Get Store Icon Image,200,996,4797,
2025-02-27 10:08:54.462,2025-02-27 10:08:55.974,5.8 - Get Recommended Product Images,200,1512,62184,
2025-02-27 10:08:54.462,2025-02-27 10:08:55.974,5.8 - Get Recommended Product Images,200,1512,62183,
2025-02-27 10:08:55.499,2025-02-27 10:08:55.976,6.1 - Get Category,200,477,60,
2025-02-27 10:08:54.977,2025-02-27 10:08:55.979,5.2 - Get Product Details,200,1002,131,
2025-02-27 10:08:55.459,2025-02-27 10:08:56.454,5.7 - Get Product Details,200,995,146,
2025-02-27 10:08:55.459,2025-02-27 10:08:56.455,5.3 - Get Store Icon Image,200,996,4797,
2025-02-27 10:08:55.976,2025-02-27 10:08:56.457,6.1 - Get Category,200,481,79,
2025-02-27 10:08:55.459,2025-02-27 10:08:56.457,5.6 - Get Product Recommendations,200,998,40,
2025-02-27 10:08:55.460,2025-02-27 10:08:56.460,5.4 - Get Categories,200,1000,347,
2025-02-27 10:08:55.976,2025-02-27 10:08:56.459,6.1 - Get Category,200,483,64,
2025-02-27 10:08:55.465,2025-02-27 10:08:56.461,5.2 - Get Product Details,200,996,135,
2025-02-27 10:08:54.971,2025-02-27 10:08:56.466,5.8 - Get Recommended Product Images,200,1495,62191,
2025-02-27 10:08:55.483,2025-02-27 10:08:56.480,5.5 - Is Logged In,200,997,338,
2025-02-27 10:08:54.971,2025-02-27 10:08:56.485,5.8 - Get Recommended Product Images,200,1514,62190,
2025-02-27 10:08:55.767,2025-02-27 10:08:56.733,6.2 - Get Category Count,200,966,3,
2025-02-27 10:08:55.967,2025-02-27 10:08:56.957,5.5 - Is Logged In,200,990,337,
2025-02-27 10:08:56.468,2025-02-27 10:08:56.957,6.1 - Get Category,200,489,60,
2025-02-27 10:08:55.967,2025-02-27 10:08:56.958,5.2 - Get Product Details,200,991,136,
2025-02-27 10:08:55.967,2025-02-27 10:08:56.958,5.7 - Get Product Details,200,991,131,
2025-02-27 10:08:55.465,2025-02-27 10:08:56.962,5.8 - Get Recommended Product Images,200,1497,62189,
2025-02-27 10:08:55.968,2025-02-27 10:08:56.963,5.4 - Get Categories,200,995,347,
2025-02-27 10:08:56.486,2025-02-27 10:08:56.964,6.1 - Get Category,200,478,60,
2025-02-27 10:08:55.968,2025-02-27 10:08:56.964,5.6 - Get Product Recommendations,200,996,40,
2025-02-27 10:08:56.002,2025-02-27 10:08:56.977,6.2 - Get Category Count,200,975,3,
2025-02-27 10:08:55.980,2025-02-27 10:08:56.977,5.3 - Get Store Icon Image,200,997,4797,
2025-02-27 10:08:56.459,2025-02-27 10:08:57.457,5.4 - Get Categories,200,998,347,
2025-02-27 10:08:56.463,2025-02-27 10:08:57.458,6.2 - Get Category Count,200,995,3,
2025-02-27 10:08:56.462,2025-02-27 10:08:57.462,5.7 - Get Product Details,200,1000,119,
2025-02-27 10:08:56.463,2025-02-27 10:08:57.463,5.3 - Get Store Icon Image,200,1000,4797,
2025-02-27 10:08:55.967,2025-02-27 10:08:57.463,5.8 - Get Recommended Product Images,200,1496,62182,
2025-02-27 10:08:56.472,2025-02-27 10:08:57.463,6.2 - Get Category Count,200,991,3,
2025-02-27 10:08:56.462,2025-02-27 10:08:57.463,5.5 - Is Logged In,200,1001,337,
2025-02-27 10:08:56.964,2025-02-27 10:08:57.464,6.1 - Get Category,200,500,60,
2025-02-27 10:08:56.482,2025-02-27 10:08:57.480,5.6 - Get Product Recommendations,200,998,30,
2025-02-27 10:08:56.786,2025-02-27 10:08:57.734,6.3 - Get Product List,200,948,2824,
2025-02-27 10:08:56.962,2025-02-27 10:08:57.957,5.3 - Get Store Icon Image,200,995,4797,
2025-02-27 10:08:57.468,2025-02-27 10:08:57.962,6.1 - Get Category,200,494,79,
2025-02-27 10:08:56.962,2025-02-27 10:08:57.962,5.6 - Get Product Recommendations,200,1000,38,
2025-02-27 10:08:56.980,2025-02-27 10:08:57.962,6.2 - Get Category Count,200,982,3,
2025-02-27 10:08:56.964,2025-02-27 10:08:57.962,5.5 - Is Logged In,200,998,336,
2025-02-27 10:08:56.965,2025-02-27 10:08:57.962,5.7 - Get Product Details,200,997,150,
2025-02-27 10:08:56.972,2025-02-27 10:08:57.965,6.2 - Get Category Count,200,993,3,
2025-02-27 10:08:56.461,2025-02-27 10:08:57.967,5.8 - Get Recommended Product Images,200,1506,62189,
2025-02-27 10:08:56.980,2025-02-27 10:08:57.979,6.3 - Get Product List,200,999,2827,
2025-02-27 10:08:56.979,2025-02-27 10:08:57.979,5.4 - Get Categories,200,1000,347,
2025-02-27 10:08:57.460,2025-02-27 10:08:58.457,5.5 - Is Logged In,200,997,337,
2025-02-27 10:08:57.967,2025-02-27 10:08:58.457,6.1 - Get Category,200,490,69,
2025-02-27 10:08:57.461,2025-02-27 10:08:58.466,6.3 - Get Product List,200,1005,2695,
2025-02-27 10:08:57.468,2025-02-27 10:08:58.465,6.3 - Get Product List,200,997,2807,
2025-02-27 10:08:56.963,2025-02-27 10:08:58.466,5.8 - Get Recommended Product Images,200,1503,62191,
2025-02-27 10:08:57.468,2025-02-27 10:08:58.466,5.4 - Get Categories,200,998,347,
2025-02-27 10:08:57.468,2025-02-27 10:08:58.466,5.6 - Get Product Recommendations,200,998,39,
2025-02-27 10:08:57.476,2025-02-27 10:08:58.466,6.2 - Get Category Count,200,990,3,
2025-02-27 10:08:57.482,2025-02-27 10:08:58.486,5.7 - Get Product Details,200,1004,132,
2025-02-27 10:08:58.468,2025-02-27 10:08:58.953,6.1 - Get Category,200,485,64,
2025-02-27 10:08:57.957,2025-02-27 10:08:58.954,5.4 - Get Categories,200,997,347,
2025-02-27 10:08:57.970,2025-02-27 10:08:58.960,6.2 - Get Category Count,200,990,3,
2025-02-27 10:08:57.964,2025-02-27 10:08:58.963,5.6 - Get Product Recommendations,200,999,33,
2025-02-27 10:08:57.963,2025-02-27 10:08:58.963,5.7 - Get Product Details,200,1000,124,
2025-02-27 10:08:57.963,2025-02-27 10:08:58.966,6.3 - Get Product List,200,1003,2783,
2025-02-27 10:08:57.468,2025-02-27 10:08:58.972,5.8 - Get Recommended Product Images,200,1504,62190,
2025-02-27 10:08:57.980,2025-02-27 10:08:58.976,5.5 - Is Logged In,200,996,338,
2025-02-27 10:08:57.965,2025-02-27 10:08:58.976,6.3 - Get Product List,200,1011,2827,
2025-02-27 10:08:57.770,2025-02-27 10:08:59.237,6.4 - Get Product Images,200,1467,42941,
2025-02-27 10:08:58.473,2025-02-27 10:08:59.451,6.2 - Get Category Count,200,978,3,
2025-02-27 10:08:58.461,2025-02-27 10:08:59.453,5.6 - Get Product Recommendations,200,992,31,
2025-02-27 10:08:58.973,2025-02-27 10:08:59.455,6.1 - Get Category,200,482,64,
2025-02-27 10:08:58.468,2025-02-27 10:08:59.458,5.7 - Get Product Details,200,990,139,
2025-02-27 10:08:58.467,2025-02-27 10:08:59.464,5.5 - Is Logged In,200,997,335,
2025-02-27 10:08:58.469,2025-02-27 10:08:59.469,6.3 - Get Product List,200,1000,2833,
2025-02-27 10:08:57.964,2025-02-27 10:08:59.485,5.8 - Get Recommended Product Images,200,1521,62190,
2025-02-27 10:08:57.981,2025-02-27 10:08:59.487,6.4 - Get Product Images,200,1506,42941,
2025-02-27 10:08:59.258,2025-02-27 10:08:59.732,6.5 - Get Store Icon Image,200,474,4797,
2025-02-27 10:08:58.969,2025-02-27 10:08:59.956,6.2 - Get Category Count,200,987,3,
2025-02-27 10:08:58.958,2025-02-27 10:08:59.957,5.5 - Is Logged In,200,999,338,
2025-02-27 10:08:58.469,2025-02-27 10:08:59.957,6.4 - Get Product Images,200,1488,42941,
2025-02-27 10:08:58.961,2025-02-27 10:08:59.960,6.3 - Get Product List,200,999,2840,
2025-02-27 10:08:59.487,2025-02-27 10:08:59.962,6.1 - Get Category,200,475,69,
2025-02-27 10:08:58.469,2025-02-27 10:08:59.964,6.4 - Get Product Images,200,1495,42941,
2025-02-27 10:08:58.965,2025-02-27 10:08:59.964,5.7 - Get Product Details,200,999,147,
2025-02-27 10:08:58.978,2025-02-27 10:08:59.976,5.6 - Get Product Recommendations,200,998,39,
2025-02-27 10:08:59.489,2025-02-27 10:08:59.977,6.5 - Get Store Icon Image,200,488,4797,
2025-02-27 10:08:58.487,2025-02-27 10:08:59.994,5.8 - Get Recommended Product Images,200,1507,62180,
2025-02-27 10:08:59.453,2025-02-27 10:09:00.456,6.3 - Get Product List,200,1003,2786,
2025-02-27 10:08:59.455,2025-02-27 10:09:00.458,5.7 - Get Product Details,200,1003,130,
2025-02-27 10:08:59.483,2025-02-27 10:09:00.458,6.2 - Get Category Count,200,975,3,
2025-02-27 10:08:59.965,2025-02-27 10:09:00.458,6.5 - Get Store Icon Image,200,493,4797,
2025-02-27 10:08:59.960,2025-02-27 10:09:00.459,6.5 - Get Store Icon Image,200,499,4797,
2025-02-27 10:08:59.466,2025-02-27 10:09:00.461,5.6 - Get Product Recommendations,200,995,39,
2025-02-27 10:08:58.965,2025-02-27 10:09:00.465,5.8 - Get Recommended Product Images,200,1500,62188,
2025-02-27 10:08:58.978,2025-02-27 10:09:00.467,6.4 - Get Product Images,200,1489,42941,
2025-02-27 10:08:58.968,2025-02-27 10:09:00.467,6.4 - Get Product Images,200,1499,42941,
2025-02-27 10:08:59.995,2025-02-27 10:09:00.480,6.1 - Get Category,200,485,69,
2025-02-27 10:08:59.752,2025-02-27 10:09:00.735,7.1 - Add Product 2 to Cart,200,983,535,
2025-02-27 10:08:59.960,2025-02-27 10:09:00.956,5.6 - Get Product Recommendations,200,996,35,
2025-02-27 10:08:59.960,2025-02-27 10:09:00.956,6.3 - Get Product List,200,996,2697,
2025-02-27 10:08:59.460,2025-02-27 10:09:00.956,5.8 - Get Recommended Product Images,200,1496,62189,
2025-02-27 10:09:00.467,2025-02-27 10:09:00.957,6.1 - Get Category,200,490,79,
2025-02-27 10:08:59.471,2025-02-27 10:09:00.958,6.4 - Get Product Images,200,1487,42941,
2025-02-27 10:09:00.468,2025-02-27 10:09:00.960,6.5 - Get Store Icon Image,200,492,4797,
2025-02-27 10:08:59.997,2025-02-27 10:09:00.963,6.2 - Get Category Count,200,966,3,
2025-02-27 10:09:00.468,2025-02-27 10:09:00.969,6.5 - Get Store Icon Image,200,501,4797,
2025-02-27 10:08:59.978,2025-02-27 10:09:00.974,5.7 - Get Product Details,200,996,139,
2025-02-27 10:08:59.984,2025-02-27 10:09:00.980,7.1 - Add Product 2 to Cart,200,996,535,
2025-02-27 10:09:00.958,2025-02-27 10:09:01.458,6.1 - Get Category,200,500,60,
2025-02-27 10:09:00.462,2025-02-27 10:09:01.458,6.3 - Get Product List,200,996,2697,
2025-02-27 10:09:00.462,2025-02-27 10:09:01.458,7.1 - Add Product 2 to Cart,200,996,536,
2025-02-27 10:09:00.463,2025-02-27 10:09:01.460,5.7 - Get Product Details,200,997,139,
2025-02-27 10:09:00.470,2025-02-27 10:09:01.460,7.1 - Add Product 2 to Cart,200,990,538,
2025-02-27 10:09:00.960,2025-02-27 10:09:01.464,6.5 - Get Store Icon Image,200,504,4797,
2025-02-27 10:08:59.966,2025-02-27 10:09:01.466,5.8 - Get Recommended Product Images,200,1500,62183,
2025-02-27 10:08:59.962,2025-02-27 10:09:01.467,6.4 - Get Product Images,200,1505,42941,
2025-02-27 10:09:00.506,2025-02-27 10:09:01.479,6.2 - Get Category Count,200,973,3,
2025-02-27 10:09:00.793,2025-02-27 10:09:01.731,7.2 - Get Product Details,200,938,132,
2025-02-27 10:09:00.958,2025-02-27 10:09:01.959,5.7 - Get Product Details,200,1001,132,
2025-02-27 10:09:00.966,2025-02-27 10:09:01.959,6.2 - Get Category Count,200,993,3,
2025-02-27 10:09:01.468,2025-02-27 10:09:01.963,6.5 - Get Store Icon Image,200,495,4797,
2025-02-27 10:09:01.468,2025-02-27 10:09:01.964,6.1 - Get Category,200,496,69,
2025-02-27 10:09:00.970,2025-02-27 10:09:01.970,7.1 - Add Product 2 to Cart,200,1000,538,
2025-02-27 10:09:00.462,2025-02-27 10:09:01.970,5.8 - Get Recommended Product Images,200,1508,62181,
2025-02-27 10:09:00.965,2025-02-27 10:09:01.970,6.3 - Get Product List,200,1005,2719,
2025-02-27 10:09:00.968,2025-02-27 10:09:01.970,7.1 - Add Product 2 to Cart,200,1002,537,
2025-02-27 10:09:00.462,2025-02-27 10:09:01.970,6.4 - Get Product Images,200,1508,42941,
2025-02-27 10:09:00.981,2025-02-27 10:09:01.977,7.2 - Get Product Details,200,996,135,
2025-02-27 10:09:01.972,2025-02-27 10:09:02.452,6.5 - Get Store Icon Image,200,480,4797,
2025-02-27 10:09:01.972,2025-02-27 10:09:02.456,6.1 - Get Category,200,484,79,
2025-02-27 10:09:01.460,2025-02-27 10:09:02.457,7.2 - Get Product Details,200,997,129,
2025-02-27 10:09:01.462,2025-02-27 10:09:02.460,7.2 - Get Product Details,200,998,127,
2025-02-27 10:09:01.462,2025-02-27 10:09:02.460,6.2 - Get Category Count,200,998,3,
2025-02-27 10:09:01.465,2025-02-27 10:09:02.461,7.1 - Add Product 2 to Cart,200,996,539,
2025-02-27 10:09:00.959,2025-02-27 10:09:02.469,6.4 - Get Product Images,200,1510,42941,
2025-02-27 10:09:01.481,2025-02-27 10:09:02.480,6.3 - Get Product List,200,999,2786,
2025-02-27 10:09:00.975,2025-02-27 10:09:02.485,5.8 - Get Recommended Product Images,200,1510,62189,
2025-02-27 10:09:01.750,2025-02-27 10:09:02.735,7.3 - Get Store Icon Image,200,985,4797,
2025-02-27 10:09:02.470,2025-02-27 10:09:02.964,6.5 - Get Store Icon Image,200,494,4797,
2025-02-27 10:09:01.964,2025-02-27 10:09:02.966,6.3 - Get Product List,200,1002,2807,
2025-02-27 10:09:01.972,2025-02-27 10:09:02.967,7.2 - Get Product Details,200,995,136,
2025-02-27 10:09:01.461,2025-02-27 10:09:02.967,6.4 - Get Product Images,200,1506,42941,
2025-02-27 10:09:01.972,2025-02-27 10:09:02.967,7.2 - Get Product Details,200,995,135,
2025-02-27 10:09:01.976,2025-02-27 10:09:02.967,7.1 - Add Product 2 to Cart,200,991,535,
2025-02-27 10:09:01.462,2025-02-27 10:09:02.967,5.8 - Get Recommended Product Images,200,1505,62189,
2025-02-27 10:09:01.966,2025-02-27 10:09:02.967,6.2 - Get Category Count,200,1001,3,
2025-02-27 10:09:02.486,2025-02-27 10:09:02.973,6.1 - Get Category,200,487,69,
2025-02-27 10:09:01.979,2025-02-27 10:09:02.981,7.3 - Get Store Icon Image,200,1002,4797,
2025-02-27 10:09:02.971,2025-02-27 10:09:03.487,6.5 - Get Store Icon Image,200,516,4797,
2025-02-27 10:09:02.485,2025-02-27 10:09:03.487,7.1 - Add Product 2 to Cart,200,1002,537,
2025-02-27 10:09:02.471,2025-02-27 10:09:03.487,6.2 - Get Category Count,200,1016,3,
2025-02-27 10:09:02.462,2025-02-27 10:09:03.487,7.3 - Get Store Icon Image,200,1025,4797,
2025-02-27 10:09:02.460,2025-02-27 10:09:03.487,7.3 - Get Store Icon Image,200,1027,4797,
2025-02-27 10:09:02.463,2025-02-27 10:09:03.487,6.3 - Get Product List,200,1024,2830,
2025-02-27 10:09:01.972,2025-02-27 10:09:03.494,6.4 - Get Product Images,200,1522,42941,
2025-02-27 10:09:02.463,2025-02-27 10:09:03.494,7.2 - Get Product Details,200,1031,136,
2025-02-27 10:09:01.964,2025-02-27 10:09:03.494,5.8 - Get Recommended Product Images,200,1530,62185,
2025-02-27 10:09:02.971,2025-02-27 10:09:03.494,6.1 - Get Category,200,523,60,
2025-02-27 10:09:02.753,2025-02-27 10:09:03.743,7.4 - Get Categories,200,990,347,
2025-02-27 10:09:02.972,2025-02-27 10:09:03.973,7.2 - Get Product Details,200,1001,131,
2025-02-27 10:09:03.496,2025-02-27 10:09:03.976,6.1 - Get Category,200,480,60,
2025-02-27 10:09:02.972,2025-02-27 10:09:03.978,7.1 - Add Product 2 to Cart,200,1006,537,
2025-02-27 10:09:02.971,2025-02-27 10:09:03.979,7.3 - Get Store Icon Image,200,1008,4797,
2025-02-27 10:09:02.972,2025-02-27 10:09:03.979,6.3 - Get Product List,200,1007,2824,
2025-02-27 10:09:03.496,2025-02-27 10:09:03.979,6.5 - Get Store Icon Image,200,483,4797,
2025-02-27 10:09:02.971,2025-02-27 10:09:03.979,7.3 - Get Store Icon Image,200,1008,4797,
2025-02-27 10:09:02.987,2025-02-27 10:09:03.981,6.2 - Get Category Count,200,994,3,
2025-02-27 10:09:02.982,2025-02-27 10:09:03.983,7.4 - Get Categories,200,1001,347,
2025-02-27 10:09:02.483,2025-02-27 10:09:03.998,6.4 - Get Product Images,200,1515,42941,
2025-02-27 10:09:03.491,2025-02-27 10:09:04.459,7.2 - Get Product Details,200,968,134,
2025-02-27 10:09:03.490,2025-02-27 10:09:04.464,7.1 - Add Product 2 to Cart,200,974,539,
2025-02-27 10:09:03.496,2025-02-27 10:09:04.464,7.3 - Get Store Icon Image,200,968,4797,
2025-02-27 10:09:03.491,2025-02-27 10:09:04.463,6.3 - Get Product List,200,972,2800,
2025-02-27 10:09:03.491,2025-02-27 10:09:04.464,7.4 - Get Categories,200,973,347,
2025-02-27 10:09:03.496,2025-02-27 10:09:04.464,6.2 - Get Category Count,200,968,3,
2025-02-27 10:09:03.491,2025-02-27 10:09:04.464,7.4 - Get Categories,200,973,347,
2025-02-27 10:09:03.999,2025-02-27 10:09:04.479,6.5 - Get Store Icon Image,200,480,4797,
2025-02-27 10:09:02.970,2025-02-27 10:09:04.481,6.4 - Get Product Images,200,1511,42941,
2025-02-27 10:09:03.761,2025-02-27 10:09:04.735,7.5 - Is Logged In,200,974,409,
2025-02-27 10:09:03.981,2025-02-27 10:09:04.953,7.2 - Get Product Details,200,972,147,
2025-02-27 10:09:04.482,2025-02-27 10:09:04.967,6.5 - Get Store Icon Image,200,485,4797,
2025-02-27 10:09:04.003,2025-02-27 10:09:04.973,6.2 - Get Category Count,200,970,3,
2025-02-27 10:09:03.982,2025-02-27 10:09:04.976,7.4 - Get Categories,200,994,347,
2025-02-27 10:09:03.977,2025-02-27 10:09:04.976,7.3 - Get Store Icon Image,200,999,4797,
2025-02-27 10:09:03.991,2025-02-27 10:09:04.976,7.1 - Add Product 2 to Cart,200,985,537,
2025-02-27 10:09:03.491,2025-02-27 10:09:04.978,6.4 - Get Product Images,200,1487,42941,
2025-02-27 10:09:03.982,2025-02-27 10:09:04.978,7.4 - Get Categories,200,996,347,
2025-02-27 10:09:03.983,2025-02-27 10:09:04.983,6.3 - Get Product List,200,1000,2786,
2025-02-27 10:09:03.984,2025-02-27 10:09:04.983,7.5 - Is Logged In,200,999,409,
2025-02-27 10:09:04.463,2025-02-27 10:09:05.455,7.3 - Get Store Icon Image,200,992,4797,
2025-02-27 10:09:04.468,2025-02-27 10:09:05.460,7.2 - Get Product Details,200,992,126,
2025-02-27 10:09:04.469,2025-02-27 10:09:05.461,7.5 - Is Logged In,200,992,410,
2025-02-27 10:09:04.470,2025-02-27 10:09:05.462,7.5 - Is Logged In,200,992,412,
2025-02-27 10:09:04.980,2025-02-27 10:09:05.463,6.5 - Get Store Icon Image,200,483,4797,
2025-02-27 10:09:04.470,2025-02-27 10:09:05.465,6.3 - Get Product List,200,995,2830,
2025-02-27 10:09:04.470,2025-02-27 10:09:05.468,7.4 - Get Categories,200,998,347,
2025-02-27 10:09:03.983,2025-02-27 10:09:05.483,6.4 - Get Product Images,200,1500,42941,
2025-02-27 10:09:04.507,2025-02-27 10:09:05.487,7.1 - Add Product 2 to Cart,200,980,538,
2025-02-27 10:09:04.755,2025-02-27 10:09:05.732,7.6 - Get Product Recommendations,200,977,39,
2025-02-27 10:09:04.978,2025-02-27 10:09:05.954,6.3 - Get Product List,200,976,2830,
2025-02-27 10:09:04.957,2025-02-27 10:09:05.954,7.3 - Get Store Icon Image,200,997,4797,
2025-02-27 10:09:04.986,2025-02-27 10:09:05.955,7.1 - Add Product 2 to Cart,200,969,537,
2025-02-27 10:09:04.980,2025-02-27 10:09:05.960,7.4 - Get Categories,200,980,347,
2025-02-27 10:09:04.980,2025-02-27 10:09:05.962,7.2 - Get Product Details,200,982,134,
2025-02-27 10:09:04.471,2025-02-27 10:09:05.962,6.4 - Get Product Images,200,1491,42941,
2025-02-27 10:09:04.980,2025-02-27 10:09:05.962,7.5 - Is Logged In,200,982,411,
2025-02-27 10:09:05.485,2025-02-27 10:09:05.962,6.5 - Get Store Icon Image,200,477,4797,
2025-02-27 10:09:04.980,2025-02-27 10:09:05.970,7.5 - Is Logged In,200,990,412,
2025-02-27 10:09:04.985,2025-02-27 10:09:05.977,7.6 - Get Product Recommendations,200,992,30,
2025-02-27 10:09:05.457,2025-02-27 10:09:06.461,7.4 - Get Categories,200,1004,347,
2025-02-27 10:09:05.462,2025-02-27 10:09:06.461,7.6 - Get Product Recommendations,200,999,34,
2025-02-27 10:09:05.963,2025-02-27 10:09:06.463,6.5 - Get Store Icon Image,200,500,4797,
2025-02-27 10:09:05.462,2025-02-27 10:09:06.463,7.3 - Get Store Icon Image,200,1001,4797,
2025-02-27 10:09:05.501,2025-02-27 10:09:06.463,7.1 - Add Product 2 to Cart,200,962,537,
2025-02-27 10:09:05.463,2025-02-27 10:09:06.463,7.6 - Get Product Recommendations,200,1000,33,
2025-02-27 10:09:05.469,2025-02-27 10:09:06.465,7.5 - Is Logged In,200,996,413,
2025-02-27 10:09:04.985,2025-02-27 10:09:06.473,6.4 - Get Product Images,200,1488,42941,
2025-02-27 10:09:05.489,2025-02-27 10:09:06.479,7.2 - Get Product Details,200,990,138,
2025-02-27 10:09:05.751,2025-02-27 10:09:06.733,7.7 - Get Product Details,200,982,139,
2025-02-27 10:09:05.956,2025-02-27 10:09:06.956,7.4 - Get Categories,200,1000,347,
2025-02-27 10:09:05.957,2025-02-27 10:09:06.956,7.2 - Get Product Details,200,999,149,
2025-02-27 10:09:05.987,2025-02-27 10:09:06.959,7.1 - Add Product 2 to Cart,200,972,537,
2025-02-27 10:09:05.961,2025-02-27 10:09:06.961,7.5 - Is Logged In,200,1000,409,
2025-02-27 10:09:05.964,2025-02-27 10:09:06.961,7.6 - Get Product Recommendations,200,997,41,
2025-02-27 10:09:05.963,2025-02-27 10:09:06.962,7.3 - Get Store Icon Image,200,999,4797,
2025-02-27 10:09:05.467,2025-02-27 10:09:06.963,6.4 - Get Product Images,200,1496,42941,
2025-02-27 10:09:05.972,2025-02-27 10:09:06.963,7.6 - Get Product Recommendations,200,991,40,
2025-02-27 10:09:06.474,2025-02-27 10:09:06.976,6.5 - Get Store Icon Image,200,502,4797,
2025-02-27 10:09:05.979,2025-02-27 10:09:06.977,7.7 - Get Product Details,200,998,135,
2025-02-27 10:09:06.463,2025-02-27 10:09:07.456,7.7 - Get Product Details,200,993,139,
2025-02-27 10:09:06.463,2025-02-27 10:09:07.458,7.5 - Is Logged In,200,995,411,
2025-02-27 10:09:05.956,2025-02-27 10:09:07.458,6.4 - Get Product Images,200,1502,42941,
2025-02-27 10:09:06.464,2025-02-27 10:09:07.458,7.1 - Add Product 2 to Cart,200,994,536,
2025-02-27 10:09:06.465,2025-02-27 10:09:07.460,7.4 - Get Categories,200,995,347,
2025-02-27 10:09:06.465,2025-02-27 10:09:07.460,7.7 - Get Product Details,200,995,137,
2025-02-27 10:09:06.964,2025-02-27 10:09:07.460,6.5 - Get Store Icon Image,200,496,4797,
2025-02-27 10:09:06.465,2025-02-27 10:09:07.460,7.2 - Get Product Details,200,995,141,
2025-02-27 10:09:06.467,2025-02-27 10:09:07.462,7.6 - Get Product Recommendations,200,995,39,
2025-02-27 10:09:06.481,2025-02-27 10:09:07.486,7.3 - Get Store Icon Image,200,1005,4797,
2025-02-27 10:09:06.958,2025-02-27 10:09:07.957,7.3 - Get Store Icon Image,200,999,4797,
2025-02-27 10:09:07.459,2025-02-27 10:09:07.956,6.5 - Get Store Icon Image,200,497,4797,
2025-02-27 10:09:06.961,2025-02-27 10:09:07.957,7.2 - Get Product Details,200,996,134,
2025-02-27 10:09:06.963,2025-02-27 10:09:07.957,7.6 - Get Product Recommendations,200,994,32,
2025-02-27 10:09:06.958,2025-02-27 10:09:07.958,7.5 - Is Logged In,200,1000,411,
2025-02-27 10:09:06.963,2025-02-27 10:09:07.962,7.7 - Get Product Details,200,999,125,
2025-02-27 10:09:06.963,2025-02-27 10:09:07.964,7.4 - Get Categories,200,1001,347,
2025-02-27 10:09:06.965,2025-02-27 10:09:07.969,7.7 - Get Product Details,200,1004,134,
2025-02-27 10:09:06.979,2025-02-27 10:09:07.977,7.1 - Add Product 2 to Cart,200,998,538,
2025-02-27 10:09:06.751,2025-02-27 10:09:08.233,7.8 - Get Recommended Product Images,200,1482,62189,
2025-02-27 10:09:07.460,2025-02-27 10:09:08.451,7.6 - Get Product Recommendations,200,991,39,
2025-02-27 10:09:07.460,2025-02-27 10:09:08.456,7.2 - Get Product Details,200,996,131,
2025-02-27 10:09:07.461,2025-02-27 10:09:08.458,7.5 - Is Logged In,200,997,413,
2025-02-27 10:09:07.462,2025-02-27 10:09:08.459,7.3 - Get Store Icon Image,200,997,4797,
2025-02-27 10:09:07.463,2025-02-27 10:09:08.462,7.7 - Get Product Details,200,999,144,
2025-02-27 10:09:07.462,2025-02-27 10:09:08.463,7.1 - Add Product 2 to Cart,200,1001,535,
2025-02-27 10:09:06.982,2025-02-27 10:09:08.476,7.8 - Get Recommended Product Images,200,1494,62180,
2025-02-27 10:09:07.488,2025-02-27 10:09:08.479,7.4 - Get Categories,200,991,347,
2025-02-27 10:09:08.250,2025-02-27 10:09:08.732,8.1 - Logout,200,482,383,
2025-02-27 10:09:07.961,2025-02-27 10:09:08.962,7.6 - Get Product Recommendations,200,1001,41,
2025-02-27 10:09:07.960,2025-02-27 10:09:08.962,7.4 - Get Categories,200,1002,347,
2025-02-27 10:09:07.961,2025-02-27 10:09:08.962,7.7 - Get Product Details,200,1001,139,
2025-02-27 10:09:07.462,2025-02-27 10:09:08.963,7.8 - Get Recommended Product Images,200,1501,62183,
2025-02-27 10:09:07.960,2025-02-27 10:09:08.962,7.1 - Add Product 2 to Cart,200,1002,538,
2025-02-27 10:09:07.458,2025-02-27 10:09:08.963,7.8 - Get Recommended Product Images,200,1505,62184,
2025-02-27 10:09:07.961,2025-02-27 10:09:08.964,7.3 - Get Store Icon Image,200,1003,4797,
2025-02-27 10:09:07.964,2025-02-27 10:09:08.965,7.5 - Is Logged In,200,1001,411,
2025-02-27 10:09:08.478,2025-02-27 10:09:08.976,8.1 - Logout,200,498,383,
2025-02-27 10:09:07.977,2025-02-27 10:09:08.976,7.2 - Get Product Details,200,999,131,
2025-02-27 10:09:08.969,2025-02-27 10:09:09.456,8.1 - Logout,200,487,383,
2025-02-27 10:09:08.454,2025-02-27 10:09:09.456,7.7 - Get Product Details,200,1002,146,
2025-02-27 10:09:08.457,2025-02-27 10:09:09.456,7.3 - Get Store Icon Image,200,999,4797,
2025-02-27 10:09:08.459,2025-02-27 10:09:09.456,7.4 - Get Categories,200,997,347,
2025-02-27 10:09:08.463,2025-02-27 10:09:09.458,7.2 - Get Product Details,200,995,135,
2025-02-27 10:09:08.459,2025-02-27 10:09:09.459,7.6 - Get Product Recommendations,200,1000,40,
2025-02-27 10:09:07.962,2025-02-27 10:09:09.461,7.8 - Get Recommended Product Images,200,1499,62191,
2025-02-27 10:09:08.968,2025-02-27 10:09:09.461,8.1 - Logout,200,493,383,
2025-02-27 10:09:07.969,2025-02-27 10:09:09.468,7.8 - Get Recommended Product Images,200,1499,62190,
2025-02-27 10:09:08.479,2025-02-27 10:09:09.481,7.5 - Is Logged In,200,1002,412,
2025-02-27 10:09:08.758,2025-02-27 10:09:09.732,1.1 - Get Categories,200,974,347,
2025-02-27 10:09:08.968,2025-02-27 10:09:09.959,7.7 - Get Product Details,200,991,131,
2025-02-27 10:09:09.463,2025-02-27 10:09:09.959,8.1 - Logout,200,496,383,
2025-02-27 10:09:08.968,2025-02-27 10:09:09.959,7.5 - Is Logged In,200,991,411,
2025-02-27 10:09:08.969,2025-02-27 10:09:09.960,7.4 - Get Categories,200,991,347,
2025-02-27 10:09:08.969,2025-02-27 10:09:09.962,7.2 - Get Product Details,200,993,136,
2025-02-27 10:09:08.970,2025-02-27 10:09:09.962,7.6 - Get Product Recommendations,200,992,40,
2025-02-27 10:09:08.462,2025-02-27 10:09:09.963,7.8 - Get Recommended Product Images,200,1501,62189,
2025-02-27 10:09:09.469,2025-02-27 10:09:09.965,8.1 - Logout,200,496,383,
2025-02-27 10:09:08.977,2025-02-27 10:09:09.973,7.3 - Get Store Icon Image,200,996,4797,
2025-02-27 10:09:08.978,2025-02-27 10:09:09.979,1.1 - Get Categories,200,1001,347,
2025-02-27 10:09:09.459,2025-02-27 10:09:10.456,7.4 - Get Categories,200,997,347,
2025-02-27 10:09:09.460,2025-02-27 10:09:10.460,7.7 - Get Product Details,200,1000,119,
2025-02-27 10:09:09.463,2025-02-27 10:09:10.460,1.1 - Get Categories,200,997,347,
2025-02-27 10:09:09.459,2025-02-27 10:09:10.460,1.1 - Get Categories,200,1001,347,
2025-02-27 10:09:09.459,2025-02-27 10:09:10.460,7.5 - Is Logged In,200,1001,411,
2025-02-27 10:09:09.459,2025-02-27 10:09:10.461,7.3 - Get Store Icon Image,200,1002,4797,
2025-02-27 10:09:09.965,2025-02-27 10:09:10.463,8.1 - Logout,200,498,383,
2025-02-27 10:09:09.483,2025-02-27 10:09:10.478,7.6 - Get Product Recommendations,200,995,30,
2025-02-27 10:09:08.969,2025-02-27 10:09:10.487,7.8 - Get Recommended Product Images,200,1518,62182,
2025-02-27 10:09:09.733,2025-02-27 10:09:10.734,1.2 - Is Logged In,200,1001,0,
2025-02-27 10:09:09.965,2025-02-27 10:09:10.955,7.3 - Get Store Icon Image,200,990,4797,
2025-02-27 10:09:09.965,2025-02-27 10:09:10.956,7.6 - Get Product Recommendations,200,991,38,
2025-02-27 10:09:10.488,2025-02-27 10:09:10.957,8.1 - Logout,200,469,383,
2025-02-27 10:09:09.965,2025-02-27 10:09:10.957,7.5 - Is Logged In,200,992,411,
2025-02-27 10:09:09.968,2025-02-27 10:09:10.961,1.1 - Get Categories,200,993,347,
2025-02-27 10:09:09.965,2025-02-27 10:09:10.961,7.7 - Get Product Details,200,996,150,
2025-02-27 10:09:09.459,2025-02-27 10:09:10.965,7.8 - Get Recommended Product Images,200,1506,62189,
2025-02-27 10:09:09.966,2025-02-27 10:09:10.969,1.1 - Get Categories,200,1003,347,
2025-02-27 10:09:09.975,2025-02-27 10:09:10.971,7.4 - Get Categories,200,996,347,
2025-02-27 10:09:09.980,2025-02-27 10:09:10.975,1.2 - Is Logged In,200,995,0,
2025-02-27 10:09:10.966,2025-02-27 10:09:11.456,8.1 - Logout,200,490,383,
2025-02-27 10:09:10.460,2025-02-27 10:09:11.456,7.5 - Is Logged In,200,996,410,
2025-02-27 10:09:09.965,2025-02-27 10:09:11.456,7.8 - Get Recommended Product Images,200,1491,62191,
2025-02-27 10:09:10.467,2025-02-27 10:09:11.462,1.1 - Get Categories,200,995,347,
2025-02-27 10:09:10.464,2025-02-27 10:09:11.462,7.4 - Get Categories,200,998,347,
2025-02-27 10:09:10.464,2025-02-27 10:09:11.462,7.6 - Get Product Recommendations,200,998,39,
2025-02-27 10:09:10.463,2025-02-27 10:09:11.462,1.2 - Is Logged In,200,999,0,
2025-02-27 10:09:10.463,2025-02-27 10:09:11.462,1.2 - Is Logged In,200,999,0,
2025-02-27 10:09:10.480,2025-02-27 10:09:11.479,7.7 - Get Product Details,200,999,132,
2025-02-27 10:09:10.737,2025-02-27 10:09:11.729,1.3 - Get Store Icon Image,200,992,4797,
2025-02-27 10:09:11.461,2025-02-27 10:09:11.956,8.1 - Logout,200,495,383,
2025-02-27 10:09:10.956,2025-02-27 10:09:11.956,7.4 - Get Categories,200,1000,347,
2025-02-27 10:09:10.957,2025-02-27 10:09:11.958,7.7 - Get Product Details,200,1001,124,
2025-02-27 10:09:10.959,2025-02-27 10:09:11.960,7.6 - Get Product Recommendations,200,1001,33,
2025-02-27 10:09:10.986,2025-02-27 10:09:11.960,1.1 - Get Categories,200,974,347,
2025-02-27 10:09:10.962,2025-02-27 10:09:11.960,1.2 - Is Logged In,200,998,0,
2025-02-27 10:09:10.464,2025-02-27 10:09:11.962,7.8 - Get Recommended Product Images,200,1498,62190,
2025-02-27 10:09:10.970,2025-02-27 10:09:11.975,1.2 - Is Logged In,200,1005,0,
2025-02-27 10:09:10.976,2025-02-27 10:09:11.984,1.3 - Get Store Icon Image,200,1008,4797,
2025-02-27 10:09:10.972,2025-02-27 10:09:11.984,7.5 - Is Logged In,200,1012,412,
2025-02-27 10:09:11.474,2025-02-27 10:09:12.455,1.1 - Get Categories,200,981,347,
2025-02-27 10:09:11.468,2025-02-27 10:09:12.455,7.6 - Get Product Recommendations,200,987,31,
2025-02-27 10:09:11.470,2025-02-27 10:09:12.459,1.3 - Get Store Icon Image,200,989,4797,
2025-02-27 10:09:11.470,2025-02-27 10:09:12.459,1.3 - Get Store Icon Image,200,989,4797,
2025-02-27 10:09:11.470,2025-02-27 10:09:12.459,7.7 - Get Product Details,200,989,139,
2025-02-27 10:09:11.963,2025-02-27 10:09:12.459,8.1 - Logout,200,496,383,
2025-02-27 10:09:10.963,2025-02-27 10:09:12.462,7.8 - Get Recommended Product Images,200,1499,62190,
2025-02-27 10:09:11.470,2025-02-27 10:09:12.462,7.5 - Is Logged In,200,992,409,
2025-02-27 10:09:11.470,2025-02-27 10:09:12.470,1.2 - Is Logged In,200,1000,0,
2025-02-27 10:09:11.730,2025-02-27 10:09:12.742,2.1 - Login,200,1012,390,
2025-02-27 10:09:11.957,2025-02-27 10:09:12.955,7.5 - Is Logged In,200,998,412,
2025-02-27 10:09:11.957,2025-02-27 10:09:12.957,1.1 - Get Categories,200,1000,347,
2025-02-27 10:09:11.961,2025-02-27 10:09:12.958,1.3 - Get Store Icon Image,200,997,4797,
2025-02-27 10:09:11.961,2025-02-27 10:09:12.959,1.2 - Is Logged In,200,998,0,
2025-02-27 10:09:12.463,2025-02-27 10:09:12.960,8.1 - Logout,200,497,383,
2025-02-27 10:09:11.961,2025-02-27 10:09:12.960,7.7 - Get Product Details,200,999,147,
2025-02-27 10:09:11.976,2025-02-27 10:09:12.962,1.3 - Get Store Icon Image,200,986,4797,
2025-02-27 10:09:11.986,2025-02-27 10:09:12.977,7.6 - Get Product Recommendations,200,991,39,
2025-02-27 10:09:11.481,2025-02-27 10:09:12.977,7.8 - Get Recommended Product Images,200,1496,62180,
2025-02-27 10:09:11.985,2025-02-27 10:09:12.986,2.1 - Login,200,1001,390,
2025-02-27 10:09:12.457,2025-02-27 10:09:13.451,1.2 - Is Logged In,200,994,0,
2025-02-27 10:09:12.457,2025-02-27 10:09:13.453,7.7 - Get Product Details,200,996,130,
2025-02-27 10:09:11.960,2025-02-27 10:09:13.454,7.8 - Get Recommended Product Images,200,1494,62188,
2025-02-27 10:09:12.461,2025-02-27 10:09:13.456,1.1 - Get Categories,200,995,347,
2025-02-27 10:09:12.463,2025-02-27 10:09:13.461,7.6 - Get Product Recommendations,200,998,39,
2025-02-27 10:09:12.471,2025-02-27 10:09:13.461,1.3 - Get Store Icon Image,200,990,4797,
2025-02-27 10:09:12.461,2025-02-27 10:09:13.468,2.1 - Login,200,1007,390,
2025-02-27 10:09:12.461,2025-02-27 10:09:13.468,2.1 - Login,200,1007,391,
2025-02-27 10:09:12.978,2025-02-27 10:09:13.479,8.1 - Logout,200,501,383,
2025-02-27 10:09:12.744,2025-02-27 10:09:13.732,3.1 - Get Category,200,988,64,
2025-02-27 10:09:12.959,2025-02-27 10:09:13.953,7.6 - Get Product Recommendations,200,994,35,
2025-02-27 10:09:12.959,2025-02-27 10:09:13.956,1.2 - Is Logged In,200,997,0,
2025-02-27 10:09:13.456,2025-02-27 10:09:13.969,8.1 - Logout,200,513,383,
2025-02-27 10:09:12.967,2025-02-27 10:09:13.969,1.1 - Get Categories,200,1002,347,
2025-02-27 10:09:12.461,2025-02-27 10:09:13.970,7.8 - Get Recommended Product Images,200,1509,62189,
2025-02-27 10:09:12.959,2025-02-27 10:09:13.969,2.1 - Login,200,1010,390,
2025-02-27 10:09:12.959,2025-02-27 10:09:13.969,1.3 - Get Store Icon Image,200,1010,4797,
2025-02-27 10:09:12.978,2025-02-27 10:09:13.971,7.7 - Get Product Details,200,993,139,
2025-02-27 10:09:12.962,2025-02-27 10:09:13.971,2.1 - Login,200,1009,391,
2025-02-27 10:09:12.986,2025-02-27 10:09:13.976,3.1 - Get Category,200,990,64,
2025-02-27 10:09:13.453,2025-02-27 10:09:14.455,1.3 - Get Store Icon Image,200,1002,4797,
2025-02-27 10:09:13.469,2025-02-27 10:09:14.461,3.1 - Get Category,200,992,64,
2025-02-27 10:09:13.457,2025-02-27 10:09:14.461,1.2 - Is Logged In,200,1004,0,
2025-02-27 10:09:13.971,2025-02-27 10:09:14.461,8.1 - Logout,200,490,383,
2025-02-27 10:09:13.462,2025-02-27 10:09:14.461,7.7 - Get Product Details,200,999,139,
2025-02-27 10:09:13.469,2025-02-27 10:09:14.461,3.1 - Get Category,200,992,79,
2025-02-27 10:09:13.461,2025-02-27 10:09:14.469,2.1 - Login,200,1008,389,
2025-02-27 10:09:12.961,2025-02-27 10:09:14.472,7.8 - Get Recommended Product Images,200,1511,62183,
2025-02-27 10:09:13.480,2025-02-27 10:09:14.476,1.1 - Get Categories,200,996,347,
2025-02-27 10:09:13.734,2025-02-27 10:09:14.751,3.2 - Get Category Count,200,1017,3,
2025-02-27 10:09:13.955,2025-02-27 10:09:14.955,7.7 - Get Product Details,200,1000,132,
2025-02-27 10:09:13.957,2025-02-27 10:09:14.955,1.3 - Get Store Icon Image,200,998,4797,
2025-02-27 10:09:13.971,2025-02-27 10:09:14.957,1.1 - Get Categories,200,986,347,
2025-02-27 10:09:14.474,2025-02-27 10:09:14.959,8.1 - Logout,200,485,383,
2025-02-27 10:09:13.971,2025-02-27 10:09:14.959,3.1 - Get Category,200,988,69,
2025-02-27 10:09:13.971,2025-02-27 10:09:14.961,1.2 - Is Logged In,200,990,0,
2025-02-27 10:09:13.971,2025-02-27 10:09:14.964,2.1 - Login,200,993,390,
2025-02-27 10:09:13.973,2025-02-27 10:09:14.965,3.1 - Get Category,200,992,60,
2025-02-27 10:09:13.977,2025-02-27 10:09:14.976,3.2 - Get Category Count,200,999,3,
2025-02-27 10:09:13.456,2025-02-27 10:09:15.013,7.8 - Get Recommended Product Images,200,1557,62181,
2025-02-27 10:09:15.014,2025-02-27 10:09:15.451,8.1 - Logout,200,437,383,
2025-02-27 10:09:14.464,2025-02-27 10:09:15.454,1.3 - Get Store Icon Image,200,990,4797,
2025-02-27 10:09:14.465,2025-02-27 10:09:15.458,1.1 - Get Categories,200,993,347,
2025-02-27 10:09:14.464,2025-02-27 10:09:15.459,3.2 - Get Category Count,200,995,3,
2025-02-27 10:09:14.471,2025-02-27 10:09:15.459,3.1 - Get Category,200,988,69,
2025-02-27 10:09:14.457,2025-02-27 10:09:15.459,2.1 - Login,200,1002,390,
2025-02-27 10:09:14.464,2025-02-27 10:09:15.460,3.2 - Get Category Count,200,996,3,
2025-02-27 10:09:14.478,2025-02-27 10:09:15.475,1.2 - Is Logged In,200,997,0,
2025-02-27 10:09:13.973,2025-02-27 10:09:15.478,7.8 - Get Recommended Product Images,200,1505,62189,
2025-02-27 10:09:14.754,2025-02-27 10:09:15.731,3.3 - Get Product List,200,977,2635,
2025-02-27 10:09:14.960,2025-02-27 10:09:15.953,1.2 - Is Logged In,200,993,0,
2025-02-27 10:09:14.965,2025-02-27 10:09:15.957,3.1 - Get Category,200,992,79,
2025-02-27 10:09:14.968,2025-02-27 10:09:15.958,1.1 - Get Categories,200,990,347,
2025-02-27 10:09:14.961,2025-02-27 10:09:15.959,3.2 - Get Category Count,200,998,3,
2025-02-27 10:09:14.962,2025-02-27 10:09:15.960,1.3 - Get Store Icon Image,200,998,4797,
2025-02-27 10:09:14.465,2025-02-27 10:09:15.960,7.8 - Get Recommended Product Images,200,1495,62189,
2025-02-27 10:09:14.966,2025-02-27 10:09:15.963,3.2 - Get Category Count,200,997,3,
2025-02-27 10:09:14.959,2025-02-27 10:09:15.963,2.1 - Login,200,1004,390,
2025-02-27 10:09:15.479,2025-02-27 10:09:15.970,8.1 - Logout,200,491,383,
2025-02-27 10:09:14.977,2025-02-27 10:09:15.976,3.3 - Get Product List,200,999,2635,
2025-02-27 10:09:15.463,2025-02-27 10:09:16.458,3.1 - Get Category,200,995,69,
2025-02-27 10:09:15.461,2025-02-27 10:09:16.467,1.2 - Is Logged In,200,1006,0,
2025-02-27 10:09:15.524,2025-02-27 10:09:16.467,1.1 - Get Categories,200,943,347,
2025-02-27 10:09:14.961,2025-02-27 10:09:16.467,7.8 - Get Recommended Product Images,200,1506,62185,
2025-02-27 10:09:15.463,2025-02-27 10:09:16.467,3.2 - Get Category Count,200,1004,3,
2025-02-27 10:09:15.463,2025-02-27 10:09:16.467,3.3 - Get Product List,200,1004,2753,
2025-02-27 10:09:15.963,2025-02-27 10:09:16.467,8.1 - Logout,200,504,383,
2025-02-27 10:09:15.463,2025-02-27 10:09:16.467,3.3 - Get Product List,200,1004,2635,
2025-02-27 10:09:15.457,2025-02-27 10:09:16.467,2.1 - Login,200,1010,390,
2025-02-27 10:09:15.476,2025-02-27 10:09:16.477,1.3 - Get Store Icon Image,200,1001,4797,
2025-02-27 10:09:15.965,2025-02-27 10:09:16.956,3.1 - Get Category,200,991,60,
2025-02-27 10:09:15.961,2025-02-27 10:09:16.957,1.2 - Is Logged In,200,996,0,
2025-02-27 10:09:15.960,2025-02-27 10:09:16.957,3.2 - Get Category Count,200,997,3,
2025-02-27 10:09:15.956,2025-02-27 10:09:16.957,1.3 - Get Store Icon Image,200,1001,4797,
2025-02-27 10:09:15.962,2025-02-27 10:09:16.957,3.3 - Get Product List,200,995,2651,
2025-02-27 10:09:16.474,2025-02-27 10:09:16.957,8.1 - Logout,200,483,383,
2025-02-27 10:09:15.965,2025-02-27 10:09:16.966,3.3 - Get Product List,200,1001,2783,
2025-02-27 10:09:15.963,2025-02-27 10:09:16.971,2.1 - Login,200,1008,390,
2025-02-27 10:09:15.979,2025-02-27 10:09:16.974,1.1 - Get Categories,200,995,347,
2025-02-27 10:09:15.735,2025-02-27 10:09:17.235,3.4 - Get Product Images,200,1500,42941,
2025-02-27 10:09:16.461,2025-02-27 10:09:17.451,3.2 - Get Category Count,200,990,3,
2025-02-27 10:09:16.475,2025-02-27 10:09:17.456,3.1 - Get Category,200,981,69,
2025-02-27 10:09:16.473,2025-02-27 10:09:17.456,1.3 - Get Store Icon Image,200,983,4797,
2025-02-27 10:09:16.475,2025-02-27 10:09:17.460,1.2 - Is Logged In,200,985,0,
2025-02-27 10:09:16.475,2025-02-27 10:09:17.464,1.1 - Get Categories,200,989,347,
2025-02-27 10:09:16.474,2025-02-27 10:09:17.464,3.3 - Get Product List,200,990,2651,
2025-02-27 10:09:16.479,2025-02-27 10:09:17.485,2.1 - Login,200,1006,391,
2025-02-27 10:09:15.978,2025-02-27 10:09:17.497,3.4 - Get Product Images,200,1519,42941,
2025-02-27 10:09:17.238,2025-02-27 10:09:17.738,3.5 - Get Store Icon Image,200,500,4797,
2025-02-27 10:09:16.961,2025-02-27 10:09:17.955,3.2 - Get Category Count,200,994,3,
2025-02-27 10:09:16.970,2025-02-27 10:09:17.960,1.1 - Get Categories,200,990,347,
2025-02-27 10:09:16.961,2025-02-27 10:09:17.967,3.3 - Get Product List,200,1006,2753,
2025-02-27 10:09:16.478,2025-02-27 10:09:17.967,3.4 - Get Product Images,200,1489,42941,
2025-02-27 10:09:16.961,2025-02-27 10:09:17.967,2.1 - Login,200,1006,389,
2025-02-27 10:09:16.478,2025-02-27 10:09:17.967,3.4 - Get Product Images,200,1489,42941,
2025-02-27 10:09:16.961,2025-02-27 10:09:17.967,1.3 - Get Store Icon Image,200,1006,4797,
2025-02-27 10:09:16.972,2025-02-27 10:09:17.967,3.1 - Get Category,200,995,69,
2025-02-27 10:09:16.975,2025-02-27 10:09:17.974,1.2 - Is Logged In,200,999,0,
2025-02-27 10:09:17.498,2025-02-27 10:09:17.975,3.5 - Get Store Icon Image,200,477,4797,
2025-02-27 10:09:17.452,2025-02-27 10:09:18.455,3.3 - Get Product List,200,1003,2651,
2025-02-27 10:09:17.461,2025-02-27 10:09:18.457,1.3 - Get Store Icon Image,200,996,4797,
2025-02-27 10:09:17.970,2025-02-27 10:09:18.459,3.5 - Get Store Icon Image,200,489,4797,
2025-02-27 10:09:17.466,2025-02-27 10:09:18.459,1.2 - Is Logged In,200,993,0,
2025-02-27 10:09:17.457,2025-02-27 10:09:18.460,3.2 - Get Category Count,200,1003,3,
2025-02-27 10:09:17.970,2025-02-27 10:09:18.464,3.5 - Get Store Icon Image,200,494,4797,
2025-02-27 10:09:17.457,2025-02-27 10:09:18.465,2.1 - Login,200,1008,389,
2025-02-27 10:09:17.486,2025-02-27 10:09:18.477,3.1 - Get Category,200,991,64,
2025-02-27 10:09:16.968,2025-02-27 10:09:18.477,3.4 - Get Product Images,200,1509,42941,
2025-02-27 10:09:16.962,2025-02-27 10:09:18.478,3.4 - Get Product Images,200,1516,42918,
2025-02-27 10:09:17.745,2025-02-27 10:09:18.733,4.1 - Get Categories,200,988,347,
2025-02-27 10:09:18.479,2025-02-27 10:09:18.959,3.5 - Get Store Icon Image,200,480,4797,
2025-02-27 10:09:17.961,2025-02-27 10:09:18.959,1.2 - Is Logged In,200,998,0,
2025-02-27 10:09:17.970,2025-02-27 10:09:18.959,3.1 - Get Category,200,989,64,
2025-02-27 10:09:17.959,2025-02-27 10:09:18.959,3.3 - Get Product List,200,1000,2783,
2025-02-27 10:09:17.970,2025-02-27 10:09:18.961,3.2 - Get Category Count,200,991,3,
2025-02-27 10:09:18.479,2025-02-27 10:09:18.962,3.5 - Get Store Icon Image,200,483,4797,
2025-02-27 10:09:17.466,2025-02-27 10:09:18.964,3.4 - Get Product Images,200,1498,42918,
2025-02-27 10:09:17.970,2025-02-27 10:09:18.966,2.1 - Login,200,996,389,
2025-02-27 10:09:17.976,2025-02-27 10:09:18.971,1.3 - Get Store Icon Image,200,995,4797,
2025-02-27 10:09:17.998,2025-02-27 10:09:18.979,4.1 - Get Categories,200,981,347,
2025-02-27 10:09:18.461,2025-02-27 10:09:19.453,3.3 - Get Product List,200,992,2651,
2025-02-27 10:09:18.460,2025-02-27 10:09:19.460,4.1 - Get Categories,200,1000,347,
2025-02-27 10:09:18.466,2025-02-27 10:09:19.460,3.1 - Get Category,200,994,69,
2025-02-27 10:09:18.466,2025-02-27 10:09:19.461,4.1 - Get Categories,200,995,347,
2025-02-27 10:09:17.970,2025-02-27 10:09:19.462,3.4 - Get Product Images,200,1492,42941,
2025-02-27 10:09:18.457,2025-02-27 10:09:19.461,2.1 - Login,200,1004,389,
2025-02-27 10:09:18.965,2025-02-27 10:09:19.464,3.5 - Get Store Icon Image,200,499,4797,
2025-02-27 10:09:18.460,2025-02-27 10:09:19.464,1.3 - Get Store Icon Image,200,1004,4797,
2025-02-27 10:09:18.478,2025-02-27 10:09:19.479,3.2 - Get Category Count,200,1001,3,
2025-02-27 10:09:18.734,2025-02-27 10:09:19.729,4.2 - Is Logged In,200,995,264,
2025-02-27 10:09:19.463,2025-02-27 10:09:19.958,3.5 - Get Store Icon Image,200,495,4797,
2025-02-27 10:09:18.962,2025-02-27 10:09:19.958,1.3 - Get Store Icon Image,200,996,4797,
2025-02-27 10:09:18.963,2025-02-27 10:09:19.963,3.3 - Get Product List,200,1000,2719,
2025-02-27 10:09:18.967,2025-02-27 10:09:19.963,3.1 - Get Category,200,996,69,
2025-02-27 10:09:18.457,2025-02-27 10:09:19.963,3.4 - Get Product Images,200,1506,42918,
2025-02-27 10:09:18.984,2025-02-27 10:09:19.963,4.1 - Get Categories,200,979,347,
2025-02-27 10:09:18.962,2025-02-27 10:09:19.963,3.2 - Get Category Count,200,1001,3,
2025-02-27 10:09:18.978,2025-02-27 10:09:19.965,4.1 - Get Categories,200,987,347,
2025-02-27 10:09:18.980,2025-02-27 10:09:19.977,4.2 - Is Logged In,200,997,264,
2025-02-27 10:09:18.972,2025-02-27 10:09:19.979,2.1 - Login,200,1007,390,
2025-02-27 10:09:19.965,2025-02-27 10:09:20.453,3.5 - Get Store Icon Image,200,488,4797,
2025-02-27 10:09:19.463,2025-02-27 10:09:20.456,3.1 - Get Category,200,993,60,
2025-02-27 10:09:19.461,2025-02-27 10:09:20.456,4.2 - Is Logged In,200,995,265,
2025-02-27 10:09:19.463,2025-02-27 10:09:20.457,4.2 - Is Logged In,200,994,264,
2025-02-27 10:09:19.461,2025-02-27 10:09:20.457,3.2 - Get Category Count,200,996,3,
2025-02-27 10:09:19.466,2025-02-27 10:09:20.461,4.1 - Get Categories,200,995,347,
2025-02-27 10:09:18.963,2025-02-27 10:09:20.461,3.4 - Get Product Images,200,1498,42941,
2025-02-27 10:09:19.465,2025-02-27 10:09:20.465,2.1 - Login,200,1000,390,
2025-02-27 10:09:19.480,2025-02-27 10:09:20.476,3.3 - Get Product List,200,996,2635,
2025-02-27 10:09:19.730,2025-02-27 10:09:20.730,4.3 - Get Product Details,200,1000,121,
2025-02-27 10:09:20.462,2025-02-27 10:09:20.952,3.5 - Get Store Icon Image,200,490,4797,
2025-02-27 10:09:19.455,2025-02-27 10:09:20.953,3.4 - Get Product Images,200,1498,42918,
2025-02-27 10:09:19.965,2025-02-27 10:09:20.957,3.3 - Get Product List,200,992,2635,
2025-02-27 10:09:19.968,2025-02-27 10:09:20.957,4.1 - Get Categories,200,989,347,
2025-02-27 10:09:19.965,2025-02-27 10:09:20.957,4.2 - Is Logged In,200,992,264,
2025-02-27 10:09:19.965,2025-02-27 10:09:20.959,3.2 - Get Category Count,200,994,3,
2025-02-27 10:09:19.962,2025-02-27 10:09:20.960,2.1 - Login,200,998,390,
2025-02-27 10:09:19.966,2025-02-27 10:09:20.967,4.2 - Is Logged In,200,1001,265,
2025-02-27 10:09:19.982,2025-02-27 10:09:20.973,3.1 - Get Category,200,991,60,
2025-02-27 10:09:19.980,2025-02-27 10:09:20.974,4.3 - Get Product Details,200,994,139,
2025-02-27 10:09:20.457,2025-02-27 10:09:21.452,3.2 - Get Category Count,200,995,3,
2025-02-27 10:09:20.457,2025-02-27 10:09:21.452,4.3 - Get Product Details,200,995,149,
2025-02-27 10:09:20.471,2025-02-27 10:09:21.452,4.1 - Get Categories,200,981,347,
2025-02-27 10:09:20.954,2025-02-27 10:09:21.455,3.5 - Get Store Icon Image,200,501,4797,
2025-02-27 10:09:20.466,2025-02-27 10:09:21.455,3.1 - Get Category,200,989,64,
2025-02-27 10:09:20.458,2025-02-27 10:09:21.459,4.3 - Get Product Details,200,1001,114,
2025-02-27 10:09:20.462,2025-02-27 10:09:21.459,4.2 - Is Logged In,200,997,263,
2025-02-27 10:09:20.458,2025-02-27 10:09:21.460,3.3 - Get Product List,200,1002,2719,
2025-02-27 10:09:19.965,2025-02-27 10:09:21.464,3.4 - Get Product Images,200,1499,42941,
2025-02-27 10:09:20.971,2025-02-27 10:09:21.953,4.1 - Get Categories,200,982,347,
2025-02-27 10:09:20.961,2025-02-27 10:09:21.953,3.1 - Get Category,200,992,64,
2025-02-27 10:09:20.959,2025-02-27 10:09:21.955,4.3 - Get Product Details,200,996,142,
2025-02-27 10:09:21.465,2025-02-27 10:09:21.958,3.5 - Get Store Icon Image,200,493,4797,
2025-02-27 10:09:20.958,2025-02-27 10:09:21.958,4.2 - Is Logged In,200,1000,264,
2025-02-27 10:09:20.960,2025-02-27 10:09:21.958,3.3 - Get Product List,200,998,2651,
2025-02-27 10:09:20.968,2025-02-27 10:09:21.969,4.3 - Get Product Details,200,1001,131,
2025-02-27 10:09:20.974,2025-02-27 10:09:21.975,3.2 - Get Category Count,200,1001,3,
2025-02-27 10:09:20.477,2025-02-27 10:09:21.984,3.4 - Get Product Images,200,1507,42941,
2025-02-27 10:09:20.746,2025-02-27 10:09:21.983,4.4 - Get Product Image,200,1237,25643,
2025-02-27 10:09:20.975,2025-02-27 10:09:22.234,4.4 - Get Product Image,200,1259,25643,
2025-02-27 10:09:21.455,2025-02-27 10:09:22.454,4.2 - Is Logged In,200,999,264,
2025-02-27 10:09:21.455,2025-02-27 10:09:22.455,3.3 - Get Product List,200,1000,2783,
2025-02-27 10:09:21.460,2025-02-27 10:09:22.456,4.1 - Get Categories,200,996,347,
2025-02-27 10:09:20.959,2025-02-27 10:09:22.460,3.4 - Get Product Images,200,1501,42941,
2025-02-27 10:09:21.460,2025-02-27 10:09:22.460,4.3 - Get Product Details,200,1000,123,
2025-02-27 10:09:21.456,2025-02-27 10:09:22.461,3.2 - Get Category Count,200,1005,3,
2025-02-27 10:09:21.986,2025-02-27 10:09:22.477,3.5 - Get Store Icon Image,200,491,4797,
2025-02-27 10:09:21.455,2025-02-27 10:09:22.711,4.4 - Get Product Image,200,1256,25643,
2025-02-27 10:09:21.460,2025-02-27 10:09:22.711,4.4 - Get Product Image,200,1251,25643,
2025-02-27 10:09:21.987,2025-02-27 10:09:22.730,4.5 - Get Product Recommendations,200,743,39,
2025-02-27 10:09:21.960,2025-02-27 10:09:22.953,4.3 - Get Product Details,200,993,127,
2025-02-27 10:09:21.954,2025-02-27 10:09:22.953,3.2 - Get Category Count,200,999,3,
2025-02-27 10:09:22.461,2025-02-27 10:09:22.955,3.5 - Get Store Icon Image,200,494,4797,
2025-02-27 10:09:21.954,2025-02-27 10:09:22.956,4.2 - Is Logged In,200,1002,264,
2025-02-27 10:09:21.963,2025-02-27 10:09:22.964,4.1 - Get Categories,200,1001,347,
2025-02-27 10:09:21.461,2025-02-27 10:09:22.964,3.4 - Get Product Images,200,1503,42941,
2025-02-27 10:09:21.977,2025-02-27 10:09:22.974,3.3 - Get Product List,200,997,2783,
2025-02-27 10:09:22.237,2025-02-27 10:09:22.976,4.5 - Get Product Recommendations,200,739,30,
2025-02-27 10:09:21.969,2025-02-27 10:09:23.223,4.4 - Get Product Image,200,1254,25643,
2025-02-27 10:09:21.956,2025-02-27 10:09:23.223,4.4 - Get Product Image,200,1267,25643,
2025-02-27 10:09:22.457,2025-02-27 10:09:23.451,4.3 - Get Product Details,200,994,132,
2025-02-27 10:09:22.457,2025-02-27 10:09:23.455,4.2 - Is Logged In,200,998,264,
2025-02-27 10:09:22.713,2025-02-27 10:09:23.455,4.5 - Get Product Recommendations,200,742,34,
2025-02-27 10:09:21.961,2025-02-27 10:09:23.455,3.4 - Get Product Images,200,1494,42918,
2025-02-27 10:09:22.713,2025-02-27 10:09:23.455,4.5 - Get Product Recommendations,200,742,33,
2025-02-27 10:09:22.965,2025-02-27 10:09:23.456,3.5 - Get Store Icon Image,200,491,4797,
2025-02-27 10:09:22.462,2025-02-27 10:09:23.460,3.3 - Get Product List,200,998,2635,
2025-02-27 10:09:22.492,2025-02-27 10:09:23.477,4.1 - Get Categories,200,985,347,
2025-02-27 10:09:22.461,2025-02-27 10:09:23.711,4.4 - Get Product Image,200,1250,25643,
2025-02-27 10:09:22.731,2025-02-27 10:09:23.732,4.6 - Get Product Details,200,1001,139,
2025-02-27 10:09:22.957,2025-02-27 10:09:23.953,4.3 - Get Product Details,200,996,135,
2025-02-27 10:09:22.457,2025-02-27 10:09:23.954,3.4 - Get Product Images,200,1497,42941,
2025-02-27 10:09:22.955,2025-02-27 10:09:23.958,3.3 - Get Product List,200,1003,2635,
2025-02-27 10:09:22.965,2025-02-27 10:09:23.958,4.2 - Is Logged In,200,993,264,
2025-02-27 10:09:23.455,2025-02-27 10:09:23.958,3.5 - Get Store Icon Image,200,503,4797,
2025-02-27 10:09:23.223,2025-02-27 10:09:23.960,4.5 - Get Product Recommendations,200,737,41,
2025-02-27 10:09:22.964,2025-02-27 10:09:23.962,4.1 - Get Categories,200,998,347,
2025-02-27 10:09:23.223,2025-02-27 10:09:23.964,4.5 - Get Product Recommendations,200,741,40,
2025-02-27 10:09:22.977,2025-02-27 10:09:23.975,4.6 - Get Product Details,200,998,135,
2025-02-27 10:09:22.955,2025-02-27 10:09:24.208,4.4 - Get Product Image,200,1253,25643,
2025-02-27 10:09:23.954,2025-02-27 10:09:24.456,3.5 - Get Store Icon Image,200,502,4797,
2025-02-27 10:09:23.472,2025-02-27 10:09:24.456,4.1 - Get Categories,200,984,347,
2025-02-27 10:09:23.455,2025-02-27 10:09:24.456,4.6 - Get Product Details,200,1001,139,
2025-02-27 10:09:23.455,2025-02-27 10:09:24.457,4.3 - Get Product Details,200,1002,146,
2025-02-27 10:09:23.455,2025-02-27 10:09:24.458,4.6 - Get Product Details,200,1003,137,
2025-02-27 10:09:23.713,2025-02-27 10:09:24.460,4.5 - Get Product Recommendations,200,747,39,
2025-02-27 10:09:23.477,2025-02-27 10:09:24.476,4.2 - Is Logged In,200,999,265,
2025-02-27 10:09:22.977,2025-02-27 10:09:24.492,3.4 - Get Product Images,200,1515,42941,
2025-02-27 10:09:23.452,2025-02-27 10:09:24.705,4.4 - Get Product Image,200,1253,25643,
2025-02-27 10:09:23.963,2025-02-27 10:09:24.951,4.2 - Is Logged In,200,988,263,
2025-02-27 10:09:23.961,2025-02-27 10:09:24.953,4.6 - Get Product Details,200,992,125,
2025-02-27 10:09:23.962,2025-02-27 10:09:24.954,4.1 - Get Categories,200,992,347,
2025-02-27 10:09:24.211,2025-02-27 10:09:24.954,4.5 - Get Product Recommendations,200,743,32,
2025-02-27 10:09:23.461,2025-02-27 10:09:24.959,3.4 - Get Product Images,200,1498,42941,
2025-02-27 10:09:23.960,2025-02-27 10:09:24.959,4.3 - Get Product Details,200,999,130,
2025-02-27 10:09:23.965,2025-02-27 10:09:24.961,4.6 - Get Product Details,200,996,134,
2025-02-27 10:09:24.494,2025-02-27 10:09:24.970,3.5 - Get Store Icon Image,200,476,4797,
2025-02-27 10:09:23.954,2025-02-27 10:09:25.202,4.4 - Get Product Image,200,1248,25643,
2025-02-27 10:09:23.735,2025-02-27 10:09:25.229,4.7 - Get Recommended Product Images,200,1494,62189,
2025-02-27 10:09:23.960,2025-02-27 10:09:25.450,3.4 - Get Product Images,200,1490,42941,
2025-02-27 10:09:24.708,2025-02-27 10:09:25.452,4.5 - Get Product Recommendations,200,744,39,
2025-02-27 10:09:24.457,2025-02-27 10:09:25.452,4.1 - Get Categories,200,995,347,
2025-02-27 10:09:24.457,2025-02-27 10:09:25.460,4.2 - Is Logged In,200,1003,263,
2025-02-27 10:09:24.959,2025-02-27 10:09:25.460,3.5 - Get Store Icon Image,200,501,4797,
2025-02-27 10:09:24.460,2025-02-27 10:09:25.460,4.6 - Get Product Details,200,1000,144,
2025-02-27 10:09:24.477,2025-02-27 10:09:25.473,4.3 - Get Product Details,200,996,143,
2025-02-27 10:09:23.977,2025-02-27 10:09:25.478,4.7 - Get Recommended Product Images,200,1501,62180,
2025-02-27 10:09:24.458,2025-02-27 10:09:25.705,4.4 - Get Product Image,200,1247,25643,
2025-02-27 10:09:25.231,2025-02-27 10:09:25.738,4.8 - Get Store Icon Image,200,507,4797,
2025-02-27 10:09:25.452,2025-02-27 10:09:25.952,3.5 - Get Store Icon Image,200,500,4797,
2025-02-27 10:09:25.204,2025-02-27 10:09:25.952,4.5 - Get Product Recommendations,200,748,41,
2025-02-27 10:09:24.952,2025-02-27 10:09:25.952,4.3 - Get Product Details,200,1000,114,
2025-02-27 10:09:24.955,2025-02-27 10:09:25.952,4.6 - Get Product Details,200,997,139,
2025-02-27 10:09:24.457,2025-02-27 10:09:25.970,4.7 - Get Recommended Product Images,200,1513,62184,
2025-02-27 10:09:24.459,2025-02-27 10:09:25.970,4.7 - Get Recommended Product Images,200,1511,62183,
2025-02-27 10:09:24.954,2025-02-27 10:09:25.970,4.2 - Is Logged In,200,1016,263,
2025-02-27 10:09:25.479,2025-02-27 10:09:25.971,4.8 - Get Store Icon Image,200,492,4797,
2025-02-27 10:09:24.983,2025-02-27 10:09:25.971,4.1 - Get Categories,200,988,347,
2025-02-27 10:09:24.960,2025-02-27 10:09:26.220,4.4 - Get Product Image,200,1260,25643,
2025-02-27 10:09:25.455,2025-02-27 10:09:26.449,4.6 - Get Product Details,200,994,146,
2025-02-27 10:09:25.454,2025-02-27 10:09:26.461,4.2 - Is Logged In,200,1007,263,
2025-02-27 10:09:25.972,2025-02-27 10:09:26.463,4.8 - Get Store Icon Image,200,491,4797,
2025-02-27 10:09:25.972,2025-02-27 10:09:26.463,4.8 - Get Store Icon Image,200,491,4797,
2025-02-27 10:09:25.709,2025-02-27 10:09:26.463,4.5 - Get Product Recommendations,200,754,40,
2025-02-27 10:09:25.467,2025-02-27 10:09:26.463,4.1 - Get Categories,200,996,347,
2025-02-27 10:09:25.461,2025-02-27 10:09:26.463,4.3 - Get Product Details,200,1002,130,
2025-02-27 10:09:24.962,2025-02-27 10:09:26.469,4.7 - Get Recommended Product Images,200,1507,62190,
2025-02-27 10:09:24.955,2025-02-27 10:09:26.471,4.7 - Get Recommended Product Images,200,1516,62191,
2025-02-27 10:09:25.475,2025-02-27 10:09:26.724,4.4 - Get Product Image,200,1249,25643,
2025-02-27 10:09:25.741,2025-02-27 10:09:26.735,5.1 - Add Product to Cart,200,994,463,
2025-02-27 10:09:26.223,2025-02-27 10:09:26.957,4.5 - Get Product Recommendations,200,734,40,
2025-02-27 10:09:25.956,2025-02-27 10:09:26.957,4.1 - Get Categories,200,1001,347,
2025-02-27 10:09:26.472,2025-02-27 10:09:26.957,4.8 - Get Store Icon Image,200,485,4797,
2025-02-27 10:09:25.956,2025-02-27 10:09:26.957,4.6 - Get Product Details,200,1001,131,
2025-02-27 10:09:25.972,2025-02-27 10:09:26.957,4.3 - Get Product Details,200,985,130,
2025-02-27 10:09:26.470,2025-02-27 10:09:26.962,4.8 - Get Store Icon Image,200,492,4797,
2025-02-27 10:09:25.461,2025-02-27 10:09:26.963,4.7 - Get Recommended Product Images,200,1502,62189,
2025-02-27 10:09:25.972,2025-02-27 10:09:26.972,4.2 - Is Logged In,200,1000,264,
2025-02-27 10:09:25.978,2025-02-27 10:09:26.976,5.1 - Add Product to Cart,200,998,463,
2025-02-27 10:09:25.956,2025-02-27 10:09:27.206,4.4 - Get Product Image,200,1250,25643,
2025-02-27 10:09:26.464,2025-02-27 10:09:27.450,4.3 - Get Product Details,200,986,136,
2025-02-27 10:09:25.957,2025-02-27 10:09:27.460,4.7 - Get Recommended Product Images,200,1503,62182,
2025-02-27 10:09:26.466,2025-02-27 10:09:27.460,5.1 - Add Product to Cart,200,994,462,
2025-02-27 10:09:26.964,2025-02-27 10:09:27.460,4.8 - Get Store Icon Image,200,496,4797,
2025-02-27 10:09:26.466,2025-02-27 10:09:27.460,5.1 - Add Product to Cart,200,994,464,
2025-02-27 10:09:26.466,2025-02-27 10:09:27.460,4.6 - Get Product Details,200,994,119,
2025-02-27 10:09:26.466,2025-02-27 10:09:27.460,4.2 - Is Logged In,200,994,264,
2025-02-27 10:09:26.725,2025-02-27 10:09:27.476,4.5 - Get Product Recommendations,200,751,30,
2025-02-27 10:09:26.466,2025-02-27 10:09:27.707,4.4 - Get Product Image,200,1241,25643,
2025-02-27 10:09:26.736,2025-02-27 10:09:27.730,5.2 - Get Product Details,200,994,121,
2025-02-27 10:09:26.959,2025-02-27 10:09:27.978,4.2 - Is Logged In,200,1019,264,
2025-02-27 10:09:27.207,2025-02-27 10:09:27.979,4.5 - Get Product Recommendations,200,772,38,
2025-02-27 10:09:27.464,2025-02-27 10:09:27.981,4.8 - Get Store Icon Image,200,517,4797,
2025-02-27 10:09:26.977,2025-02-27 10:09:27.984,5.1 - Add Product to Cart,200,1007,462,
2025-02-27 10:09:26.959,2025-02-27 10:09:27.989,4.6 - Get Product Details,200,1030,150,
2025-02-27 10:09:26.965,2025-02-27 10:09:27.996,5.1 - Add Product to Cart,200,1031,464,
2025-02-27 10:09:26.973,2025-02-27 10:09:28.000,4.3 - Get Product Details,200,1027,135,
2025-02-27 10:09:26.977,2025-02-27 10:09:28.005,5.2 - Get Product Details,200,1028,139,
2025-02-27 10:09:26.452,2025-02-27 10:09:28.013,4.7 - Get Recommended Product Images,200,1561,62189,
2025-02-27 10:09:26.959,2025-02-27 10:09:28.300,4.4 - Get Product Image,200,1341,25643,
2025-02-27 10:09:28.014,2025-02-27 10:09:28.514,4.8 - Get Store Icon Image,200,500,4797,
2025-02-27 10:09:27.464,2025-02-27 10:09:28.516,5.2 - Get Product Details,200,1052,149,
2025-02-27 10:09:27.710,2025-02-27 10:09:28.516,4.5 - Get Product Recommendations,200,806,39,
2025-02-27 10:09:27.464,2025-02-27 10:09:28.516,5.2 - Get Product Details,200,1052,114,
2025-02-27 10:09:27.464,2025-02-27 10:09:28.517,4.3 - Get Product Details,200,1053,119,
2025-02-27 10:09:27.476,2025-02-27 10:09:28.517,5.1 - Add Product to Cart,200,1041,462,
2025-02-27 10:09:27.477,2025-02-27 10:09:28.532,4.6 - Get Product Details,200,1055,132,
2025-02-27 10:09:26.960,2025-02-27 10:09:28.587,4.7 - Get Recommended Product Images,200,1627,62191,
2025-02-27 10:09:27.732,2025-02-27 10:09:28.749,5.3 - Get Store Icon Image,200,1017,4797,
2025-02-27 10:09:27.452,2025-02-27 10:09:28.773,4.4 - Get Product Image,200,1321,25643,
2025-02-27 10:09:27.980,2025-02-27 10:09:28.953,4.3 - Get Product Details,200,973,115,
2025-02-27 10:09:27.982,2025-02-27 10:09:28.953,4.6 - Get Product Details,200,971,124,
2025-02-27 10:09:28.589,2025-02-27 10:09:28.953,4.8 - Get Store Icon Image,200,364,4797,
2025-02-27 10:09:27.987,2025-02-27 10:09:28.955,5.2 - Get Product Details,200,968,142,
2025-02-27 10:09:28.303,2025-02-27 10:09:28.958,4.5 - Get Product Recommendations,200,655,33,
2025-02-27 10:09:27.983,2025-02-27 10:09:28.961,5.1 - Add Product to Cart,200,978,463,
2025-02-27 10:09:27.997,2025-02-27 10:09:28.965,5.2 - Get Product Details,200,968,131,
2025-02-27 10:09:28.005,2025-02-27 10:09:28.977,5.3 - Get Store Icon Image,200,972,4797,
2025-02-27 10:09:27.465,2025-02-27 10:09:29.024,4.7 - Get Recommended Product Images,200,1559,62190,
2025-02-27 10:09:28.000,2025-02-27 10:09:29.227,4.4 - Get Product Image,200,1227,25643,
2025-02-27 10:09:28.515,2025-02-27 10:09:29.452,5.1 - Add Product to Cart,200,937,462,
2025-02-27 10:09:28.777,2025-02-27 10:09:29.452,4.5 - Get Product Recommendations,200,675,31,
2025-02-27 10:09:28.518,2025-02-27 10:09:29.454,5.3 - Get Store Icon Image,200,936,4797,
2025-02-27 10:09:28.518,2025-02-27 10:09:29.456,5.3 - Get Store Icon Image,200,938,4797,
2025-02-27 10:09:28.518,2025-02-27 10:09:29.457,4.6 - Get Product Details,200,939,139,
2025-02-27 10:09:28.519,2025-02-27 10:09:29.462,5.2 - Get Product Details,200,943,123,
2025-02-27 10:09:27.992,2025-02-27 10:09:29.484,4.7 - Get Recommended Product Images,200,1492,62190,
2025-02-27 10:09:28.518,2025-02-27 10:09:29.711,4.4 - Get Product Image,200,1193,25643,
2025-02-27 10:09:28.752,2025-02-27 10:09:29.729,5.4 - Get Categories,200,977,347,
2025-02-27 10:09:28.962,2025-02-27 10:09:29.961,5.2 - Get Product Details,200,999,127,
2025-02-27 10:09:28.961,2025-02-27 10:09:29.961,4.6 - Get Product Details,200,1000,147,
2025-02-27 10:09:28.957,2025-02-27 10:09:29.961,5.3 - Get Store Icon Image,200,1004,4797,
2025-02-27 10:09:28.533,2025-02-27 10:09:29.986,4.7 - Get Recommended Product Images,200,1453,62180,
2025-02-27 10:09:28.956,2025-02-27 10:09:30.209,4.4 - Get Product Image,200,1253,25643,
2025-02-27 10:09:28.958,2025-02-27 10:09:30.462,4.7 - Get Recommended Product Images,200,1504,62188,
