2025-02-26 14:50:04.379,2025-02-26 14:50:04.907,1.1 - Get Categories,404,528,899,
2025-02-26 14:50:04.379,2025-02-26 14:50:04.907,1.1 - Get Categories,404,528,899,
2025-02-26 14:50:05.145,2025-02-26 14:50:05.635,1.1 - Get Categories,404,490,899,
2025-02-26 14:50:05.146,2025-02-26 14:50:05.635,1.1 - Get Categories,404,489,899,
2025-02-26 14:50:05.358,2025-02-26 14:50:05.867,1.1 - Get Categories,404,509,899,
2025-02-26 14:50:05.645,2025-02-26 14:50:05.887,1.1 - Get Categories,404,242,899,
2025-02-26 14:50:05.645,2025-02-26 14:50:05.887,1.1 - Get Categories,404,242,899,
2025-02-26 14:50:05.876,2025-02-26 14:50:06.385,1.1 - Get Categories,404,509,899,
2025-02-26 14:50:06.145,2025-02-26 14:50:06.391,1.1 - Get Categories,404,246,899,
2025-02-26 14:50:06.147,2025-02-26 14:50:06.395,1.1 - Get Categories,404,248,899,
2025-02-26 14:50:06.393,2025-02-26 14:50:06.648,1.1 - Get Categories,404,255,899,
2025-02-26 14:50:06.361,2025-02-26 14:50:06.851,1.1 - Get Categories,404,490,899,
2025-02-26 14:50:06.646,2025-02-26 14:50:06.907,1.1 - Get Categories,404,261,899,
2025-02-26 14:50:06.646,2025-02-26 14:50:06.907,1.1 - Get Categories,404,261,899,
2025-02-26 14:50:06.893,2025-02-26 14:50:07.170,1.1 - Get Categories,404,277,899,
2025-02-26 14:50:07.145,2025-02-26 14:50:07.426,1.1 - Get Categories,404,281,899,
2025-02-26 14:50:07.145,2025-02-26 14:50:07.426,1.1 - Get Categories,404,281,899,
2025-02-26 14:50:06.863,2025-02-26 14:50:07.426,1.1 - Get Categories,404,563,899,
2025-02-26 14:50:07.394,2025-02-26 14:50:07.639,1.1 - Get Categories,404,245,899,
2025-02-26 14:50:07.429,2025-02-26 14:50:07.688,1.1 - Get Categories,404,259,899,
2025-02-26 14:50:07.354,2025-02-26 14:50:07.881,1.1 - Get Categories,404,527,899,
2025-02-26 14:50:07.647,2025-02-26 14:50:07.889,1.1 - Get Categories,404,242,899,
2025-02-26 14:50:07.647,2025-02-26 14:50:07.889,1.1 - Get Categories,404,242,899,
2025-02-26 14:50:07.894,2025-02-26 14:50:08.150,1.1 - Get Categories,404,256,899,
2025-02-26 14:50:07.932,2025-02-26 14:50:08.209,1.1 - Get Categories,404,277,899,
2025-02-26 14:50:07.888,2025-02-26 14:50:08.406,1.1 - Get Categories,404,518,899,
2025-02-26 14:50:08.146,2025-02-26 14:50:08.406,1.1 - Get Categories,404,260,899,
2025-02-26 14:50:08.146,2025-02-26 14:50:08.409,1.1 - Get Categories,404,263,899,
2025-02-26 14:50:08.395,2025-02-26 14:50:08.663,1.1 - Get Categories,404,268,899,
2025-02-26 14:50:08.408,2025-02-26 14:50:08.665,1.1 - Get Categories,404,257,899,
2025-02-26 14:50:08.431,2025-02-26 14:50:08.678,1.1 - Get Categories,404,247,899,
2025-02-26 14:50:08.647,2025-02-26 14:50:08.923,1.1 - Get Categories,404,276,899,
2025-02-26 14:50:08.647,2025-02-26 14:50:08.923,1.1 - Get Categories,404,276,899,
2025-02-26 14:50:08.894,2025-02-26 14:50:09.155,1.1 - Get Categories,404,261,899,
2025-02-26 14:50:08.908,2025-02-26 14:50:09.182,1.1 - Get Categories,404,274,899,
2025-02-26 14:50:08.931,2025-02-26 14:50:09.182,1.1 - Get Categories,404,251,899,
2025-02-26 14:50:09.149,2025-02-26 14:50:09.395,1.1 - Get Categories,404,246,899,
2025-02-26 14:50:09.149,2025-02-26 14:50:09.396,1.1 - Get Categories,404,247,899,
2025-02-26 14:50:09.394,2025-02-26 14:50:09.640,1.1 - Get Categories,404,246,899,
2025-02-26 14:50:09.409,2025-02-26 14:50:09.651,1.1 - Get Categories,404,242,899,
2025-02-26 14:50:09.431,2025-02-26 14:50:09.703,1.1 - Get Categories,404,272,899,
2025-02-26 14:50:09.647,2025-02-26 14:50:09.897,1.1 - Get Categories,404,250,899,
2025-02-26 14:50:09.647,2025-02-26 14:50:09.898,1.1 - Get Categories,404,251,899,
2025-02-26 14:50:09.909,2025-02-26 14:50:10.157,1.1 - Get Categories,404,248,899,
2025-02-26 14:50:09.895,2025-02-26 14:50:10.157,1.1 - Get Categories,404,262,899,
2025-02-26 14:50:09.931,2025-02-26 14:50:10.171,1.1 - Get Categories,404,240,899,
2025-02-26 14:50:10.146,2025-02-26 14:50:10.416,1.1 - Get Categories,404,270,899,
2025-02-26 14:50:10.147,2025-02-26 14:50:10.416,1.1 - Get Categories,404,269,899,
2025-02-26 14:50:10.408,2025-02-26 14:50:10.677,1.1 - Get Categories,404,269,899,
2025-02-26 14:50:10.396,2025-02-26 14:50:10.677,1.1 - Get Categories,404,281,899,
2025-02-26 14:50:10.430,2025-02-26 14:50:10.678,1.1 - Get Categories,404,248,899,
2025-02-26 14:50:10.648,2025-02-26 14:50:10.890,1.1 - Get Categories,404,242,899,
2025-02-26 14:50:10.647,2025-02-26 14:50:10.890,1.1 - Get Categories,404,243,899,
2025-02-26 14:50:10.908,2025-02-26 14:50:11.143,1.1 - Get Categories,404,235,899,
2025-02-26 14:50:10.895,2025-02-26 14:50:11.152,1.1 - Get Categories,404,257,899,
2025-02-26 14:50:10.931,2025-02-26 14:50:11.198,1.1 - Get Categories,404,267,899,
2025-02-26 14:50:11.147,2025-02-26 14:50:11.394,1.1 - Get Categories,404,247,899,
2025-02-26 14:50:11.147,2025-02-26 14:50:11.394,1.1 - Get Categories,404,247,899,
2025-02-26 14:50:11.396,2025-02-26 14:50:11.653,1.1 - Get Categories,404,257,899,
2025-02-26 14:50:11.410,2025-02-26 14:50:11.653,1.1 - Get Categories,404,243,899,
2025-02-26 14:50:11.432,2025-02-26 14:50:11.679,1.1 - Get Categories,404,247,899,
2025-02-26 14:50:11.647,2025-02-26 14:50:11.889,1.1 - Get Categories,404,242,899,
2025-02-26 14:50:11.646,2025-02-26 14:50:11.912,1.1 - Get Categories,404,266,899,
2025-02-26 14:50:11.908,2025-02-26 14:50:12.144,1.1 - Get Categories,404,236,899,
2025-02-26 14:50:11.896,2025-02-26 14:50:12.171,1.1 - Get Categories,404,275,899,
2025-02-26 14:50:11.930,2025-02-26 14:50:12.171,1.1 - Get Categories,404,241,899,
2025-02-26 14:50:12.146,2025-02-26 14:50:12.393,1.1 - Get Categories,404,247,899,
2025-02-26 14:50:12.148,2025-02-26 14:50:12.397,1.1 - Get Categories,404,249,899,
2025-02-26 14:50:12.397,2025-02-26 14:50:12.640,1.1 - Get Categories,404,243,899,
2025-02-26 14:50:12.432,2025-02-26 14:50:12.692,1.1 - Get Categories,404,260,899,
2025-02-26 14:50:12.408,2025-02-26 14:50:12.692,1.1 - Get Categories,404,284,899,
2025-02-26 14:50:12.647,2025-02-26 14:50:12.886,1.1 - Get Categories,404,239,899,
2025-02-26 14:50:12.647,2025-02-26 14:50:12.888,1.1 - Get Categories,404,241,899,
2025-02-26 14:50:12.908,2025-02-26 14:50:13.147,1.1 - Get Categories,404,239,899,
2025-02-26 14:50:12.894,2025-02-26 14:50:13.150,1.1 - Get Categories,404,256,899,
2025-02-26 14:50:12.933,2025-02-26 14:50:13.191,1.1 - Get Categories,404,258,899,
2025-02-26 14:50:13.147,2025-02-26 14:50:13.392,1.1 - Get Categories,404,245,899,
2025-02-26 14:50:13.147,2025-02-26 14:50:13.392,1.1 - Get Categories,404,245,899,
